,Bird,Housing Type,Building Type,Insect,Mammal,Reptile,Fish,Dinosaur,Dog,Cat,Snake,Baby Food,Baking Ingredient,Cheese,Flower,Herb,Monster,Musical Instrument,Norse God,Pet Name,Pet,Types of Plants,Types of Leaves,Plant Parts,Soil Type,Mineral,Gems,Rocks,Shapes,Swimming Stroke,Trees,Types of Fabric,Types of Grains,Types of Nuts,Types of Pasta,Types of Pies,Types of Pizza,Types of Stars,Weapons,Favourite Number,Favourite Letter,Favourite Season,Birth Month,Birth Year,Day in a Month,Age,Weight,Weather Condition,Constellation,Star,Planet,Galaxy,Comet,Fictional World,Programming Language,Algorithm,Traffic sign,Road Type,Transportation Mode,Train,Aircraft,Ship,Bridge,Types of Satellites,Scientific Instrument,Chemical Compund,Mathematical Theorem,Physics Topics,Chemistry Topics,Puzzle Type,Maze,Robot,Trivia book,Encyclopedia,Types of Clock,Types of Telescopes,Hair Color,Pokemon Character,DC Comic Characters,Marvel Characters,Water Bodies,Landform Type,Organ
0,sandpiper,studio apartment,shopping mall,gnat,agouti,gopher snake,flounder,apatosaurus,rescue dog,scottish fold,burmese python,peas and carrots,confectioners' sugar,cabrales,safflower,yellow mustard,ghost,bassoon,mjollnir,clifford,lovebird,shrubs,cordate leaf,phloem,tundra soil,muscovite,chrysoberyl,granite,convex polygon,zen swimming,apple tree,canvas,rye,hazelnut,mezzelune,oreo cookie pie,bacon and egg pizza,blue supergiant,missile,7,h,blooming season,february,2014,7th day,30 years,59 kg,stormy,draco,antares,trappist-1e,triangulum,great september comet of 1882,avalon,tcl,dijkstra's algorithm,turn right,pedestrian road,car,sleeper train,icon a5,sleipnir,folding bridge,ultraviolet space telescopes,pyranometer,radium,mean value theorem,gravitation,periodic trends,sliding tile puzzles,random maze,elliq,famous first facts,history of encyclopedias,astronomical clock,sofia,ash blonde,tentacool,mister miracle,hawkeye,harbor,crater,bones
1,roost,residential hall,fire station,carpenter ant,blue whale,gila monster,sturgeon,edmontosaurus,hunting dog,british shorthair,milk snake,asparagus puree,craisins,munster,crocus,garlic chives,godzilla,cymbals,baldr,astro,turtle,tropical plants,pinnate leaf,root cap,vertisol soil,rhodochrosite,chalcedony,chert,acute triangle,medley relay,white ash tree,mesh,triticale,kola nut,campanelle,lemon chess pie,ratatouille pizza,herbig ae/be star,ballista,63,b,snowfall season,october,2006,24th day,41 years,65 kg,hurricane,eridanus,canopus,tau ceti e,small magellanic cloud,comet hale-bopp,narnia,lisp,huffman coding,mile marker,interstate highway,skateboard,commuter train,sikorsky ch-53 sea stallion,ins vikramaditya,cable-stayed bridge,radio space telescopes,ammeter,arsenic,intermediate value theorem,differential equations in physics,aromatic compounds,word searches,labyrinth,energid citrus picking system,the top 10 of everything,khayrat-é hésan,skeleton clock,gran telescopio canarias,white,poliwrath,deathstroke,hulk,reef,prairie,skeletal muscles
2,fledge,skyscraper,parking garage,leafhopper,bull,chameleon,goby,chasmosaurus,bichon frise,himalayan,water snake,cauliflower puree,bread crumbs,red leicester,orange blossom,annatto,dryad,bouzouki,vili,bubba,newt,succulents,scale leaf,cork,cryosol soil,rutile,turquoise,diorite,obtuse triangle,finning,redwood tree,gabardine,whole wheat,macadamia,tagliolini,amaretto chocolate mousse pie,walnut and gorgonzola pizza,late-type star,gunpowder,50,a,holiday season,july,1991,26th day,31 years,55 kg,foggy,ursa major,gliese 581,wolf 1061c,milky way,comet ikeya-seki,middle-earth,groovy,decision trees,motor vehicles prohibited,busway,funicular,regional train,schleicher ask 21,helix producer 1,causeway bridge,comet and asteroid probes,petri dish,palladium,sylow theorems,physics of biological systems,qualitative and quantitative analysis,dot-to-dot,invisible maze,abb irb series,the qi book of the dead,catalogus catalogorum,calendar clock,atmospheric cherenkov telescope,jet black,raichu,sinestro,captain marvel,sea,moraine,vagina
3,blue jay,bunkhouse,mall,sulphur butterfly,river otter,black racer,lanternfish,nasutoceratops,welsh corgi,egyptian mau,death adder,fig puree,evaporated milk,ossau-iraty,passionflower,onion,leviathan,concertina,freyr,champ,axolotl,timber plants,variegated leaf,rhizomes,mountain soil,marcasite,bloodstone,gneiss,line,medley swimming,coconut tree,houndstooth,wild rice,filbert,rotini,rum raisin pie,garlic shrimp pizza,brown dwarf,kris,70,k,monsoon,march,1984,3rd day,20 years,52 kg,polar vortex,canis minor,procyon,uranus,comet galaxy,comet shoemaker-levy 9,tamriel,visual basic,pagerank algorithm,rest area,commercial street,oil pipeline,intercity train,mq-9 reaper,cma cgm jacques saadé,fixed arch bridge,lunar modules,gas chromatograph,phosphorus,central limit theorem,reflection and refraction,metallurgy,hidden level puzzles,puzzle box maze,tianwen-1,the book of lists,history of nishapur,candle clock,maksutov-cassegrain telescope,strawberry blonde,arbok,new gods,death,meander,peninsula,eyes
4,peafowl,house trailer,railway station,metalmark butterfly,humpback whale,black caiman,ling cod,allosaurus,elkhound,russian blue,eastern racer,nectarine puree,shortening,romano,sweet pea,watercress,genie,calliope,fenrir/fenrisulfr,brownie,hermit crab,perennial plants,oblong leaf,flowers,alkaline soil,limonite,hiddenite,phyllite,interval,pull buoy,sycamore tree,felt,millet,peanut,quadretti,egg custard pie,italian pizza,giant star,hunting knife,60,t,hurricane season,june,1988,18th day,43 years,60 kg,cold,virgo,bellatrix,wasp-12b,tadpole galaxy,tempel 1,hogwarts,python,matrix chain multiplication,ferry service,causeway,jet ski,mixed train,airbus a350,joides resolution,extradosed bridge,space weaponry platforms,barometer,curium,zorn's lemma,particle accelerators,lanthanoids and actinoids,fibonacci sequence puzzles,maze in the dark,ozobot,the concise guide to sounding smart at parties,encyclopedic knowledge,pillar clock,parker solar probe,auburn,spearow,cyborg,vision,oasis,volcano,appendix
5,cuckoo,ranch house,fort,bee,polar bear,ground skink,flying fish,homalocephale,rat terrier,siberian tiger,rat snake,chicken puree,active dry yeast,emmental,plumeria,cilantro,jinn,clavier,tyr,apollo,tarantula,pteridophytes,dentate leaf,pistil/carpel,alfisol soil,chalcopyrite,chrysoprase,breccia,hexahedron,open water stroke,juniper tree,cotton,bulgur wheat,pistachio,egg noodles,apricot pie,lemon ricotta pizza,g-type star,scythe,31,z,harvest season,january,2017,14th day,50 years,84 kg,drizzle,perseus,achernar,jupiter,sextans b,comet kohoutek,earthsea,f#,aho-corasick,distance marker,underpass,kayak,tourist train,antonov an-124,costa toscana,fan cable-stayed bridge,interstellar probes,sextant,titanium,remainder theorem,acoustics,redox reactions,word ladders,rectilinear maze,digit,guinness world records,deutsches literatur-lexikon,pendant watch,james webb space telescope,blonde,pidgey,outsiders,moon knight,ria,seamount,spleen
6,oropendola,wigwam,haunted house,praying mantis,proboscideans,alligator,cookiecutter shark,saltasaurus,norfolk terrier,tomcat,belcher’s sea snake,broccoli puree,zest,red windsor,daffodil,green onion,horror,contrabass,valkyries,biscuit,budgeriga,cam plants,phyllode,exocarp,inceptisol soil,lepidolite,peridot,pumice,icosahedron,one-armed freestyle,holly tree,chiffon,rice,walnut,fusilli lunghi,linzer torte,shrimp scampi pizza,a-type star,catapult,33,s,planting season,september,1998,28th day,37 years,76 kg,snowy,canis major,alnitak,hd 189733 b,large magellanic cloud,great comet of 1744,atlantis,java,floyd’s cycle detection algorithm,flagman ahead,green road,chairlift,rescue train,eurofighter typhoon,uss gerald r. ford,howe truss bridge,solar probes,dna sequencer,hydrogen,perron-frobenius theorem,"work, energy, and power",stereochemistry,spot the difference,tower maze,arduino braccio,imponderables,encyclopedic dictionary,mantel clock,fermi gamma-ray space telescope,light brown,sandslash,plastic man,deadpool,rapids,scarp,fallopian tubes
7,toucan,a-frame,synagogue,tiger moth,black bear hamster,frilled lizard,tarpon,gallimimus,greyhound,tom,green mamba,formula,bourbon,monterey jack,wolfsbane,chili pepper,dragon,anvil,aesir,chase,salamander,polar plants,oval leaf,fruits,laterite soil,azurite,lapis lazuli,peridotite,isosceles triangle,front crawl,bristlecone pine tree,eyelet,corn,breadnut,pappardelle,blackcurrant pie,mushroom and olive pizza,pulsar,revolver,42,p,pre-spring,november,2012,10th day,38 years,85 kg,icy,sagittarius,fomalhaut,51 pegasi b,leo ii,borrelly,eorzea,sql,modular exponentiation,uneven road,freeway,segway,heavy haul train,north american xb-70 valkyrie,r/v sally ride,plate girder bridge,interplanetary exploration vehicles,galvanometer,actinium,law of large numbers,statics,equilibrium,go problems,hedge maze,spirit rover,the trivia encyclopedia,da'irat al-ma'arif,wristwatch,liquid mirror telescope,medium brown,slowbro,swamp thing,hela,moat,glacier,thymus
8,great horned owl,villa,plant,green darner dragonfly,longhorn,galapagos tortoise,viperfish,tyrannosaurus rex,toy dog,norwegian forest cat,green tree python,plum mash,espresso powder,colby-jack,camellia,epazote,ghoul,accordion,odin,bolt,frog,creepers,waxy leaf,endocarp,phaeozem soil,wulfenite,onyx,amphibolite,asymmetry,combat sidestroke,cinchona tree,khaki,cereal,nut,orzo,bacon and egg pie,spinach and artichoke pizza,t-tauri star,hand grenade,80,g,winter,december,1994,5th day,28 years,98 kg,humid,centaurus,altair,hd 40307 g,sagittarius dwarf elliptical galaxy,great comet of 1811,pandora,go,k-nearest neighbors,stop,construction road,taxi,track laying train,lockheed c-130 hercules,uss zumwalt,self-anchored suspension bridge,commercial cargo vehicles,incubator,francium,cantor's diagonalization theorem,cosmological models,states of matter,spelling bee,mirror maze,lego spike prime,bears can't run downhill,wikipedia:books,tower clock,tess,dirty blonde,nidorina,lex luthor,iceman,reservoir,mountain,capillaries
9,heron,boarding house,workshop,grasshopper,caribou,caiman,bony fish,ouranosaurus,malamute,devon rex,mangrove snake,chickpea puree,cherries,dunlop,apple blossom,rosemary,harpy,drumsticks,sif,bugs,pygmy goat,epiphytes,entire leaf,axillary bud,histosol soil,malachite,aquamarine,scoria,cylinder,vertical kicking,arjuna tree,dobby,sorghum,candlenut,corn pasta,nutella pie,egg and pancetta pizza,cataclysmic variable,trebuchet,62,i,windy season,april,1987,22nd day,21 years,90 kg,hazy,taurus,pollux,earth,ic 1101,2i/borisov,westeros,perl,longest increasing subsequence,no overtaking,expressway,sailboat,unit train,wright flyer,admiral kuznetsov,corbel arch bridge,planetary flyby probes,geiger counter,uranium,euler's theorem,vector calculus in physics,cement and glass production,maze puzzles,number maze,ekso bionics exoskeleton,advanced banter,encyclopaedistics,wall clock,thirty meter telescope,red,venusaur,trigon,black panther,ocean,alluvial fan,spinal cord
10,dinornis,suite,exposition hall,mantis,macaque,bull snake,remora,ornithomimus,setter,marmalade,rough green snake,zucchini puree,brandy,gloucester,bachelor button,rue,abominable snowman,dulcimer,sigyn,charlie,snake,edible plants,parallel leaf,tendrils,red soil,pyrite,citrine,obsidian,disc,gator crawl,cedar tree,burlap,emmer,noisette,marille,sweet potato pie,tandoori paneer pizza,s supergiant,munitions,40,y,festival season,august,1986,23rd day,56 years,79 kg,muggy,corona borealis,arcturus,k2-18b,messier 87,hartley 2,oz,cobol,floyd-warshall algorithm,width limit,beltway,hot air balloon,maglev train,bombardier crj series,rrs sir david attenborough,viaduct bridge,rovers,geophone,rubidium,green's theorem,particle physics,phase equilibria,picture puzzles,kruskal’s algorithm maze,paro therapeutic robot,notable last facts,enciclopedia giuridica italiana,grandfather clock,gaia telescope,golden brown,gastly,hawkman,winter soldier,falls,scree,lungs
11,nest,terraced house,gym,stag beetle,monkey,blue-tongued skink,stingray,herrerasaurus,husky,curl,beaked sea snake,mashed potatoes,sour cream,ricotta,rhododendron,lovage,lake spirit,aeolian harp,astrilde,cody,koi fish,spore-producing plants,pinnately compound leaf,node,organic soil,amphibole,moonstone,eclogite,dodecahedron,yoga swimming,orange tree,georgette,buckwheat,cashew,sorpresine,lemon icebox pie,carbonara pizza,c-type star,ballistic missile,29,l,summer,may,2009,9th day,49 years,96 kg,overcast,gemini,kaus australis,mars,centaurus a,comet bennett,krynn,fortran,jump search,keep left,detour road,submarine,hospital train,mcdonnell douglas f-15 eagle,hms protector,stress ribbon bridge,optical space telescopes,interferometer,copper,fermat's little theorem,fluid mechanics,pharmaceutical chemistry,logic grid puzzles,maze race,greenbot,the second book of general ignorance,gazetteer,lcd clock,chandra x-ray observatory,platinum blonde,kingler,booster gold,killmonger,salt marsh,mid-ocean ridge,kidneys
12,wing,wickiup,symphony,ground beetle,rodent,horned lizard,basking shark,cryolophosaurus,pointer,wirehair,bullsnake,turkey puree,chocolate syrup,danish blue,candytuft,jasmine flowers,devil,banjo,idun,bandit,betta fish,flowering plants,ovate leaf,xylem,cambisol soil,graphite,amethyst,greenstone,ellipsoid,backstroke,elm tree,charmeuse,amaranth,brazilian nut,x-shaped pasta,coffee toffee pie,anchovy pizza,nova,truncheon,97,m,wet season,,2010,19th day,51 years,99 kg,lightning,hercules,castor,gliese 581g,bode's galaxy,giacobini-zinner,wonderland,scheme,principal component analysis,turn left,solar road,subway,observation train,mitsubishi a6m zero,harmony of the seas,timber bridge,reusable spacecraft prototypes,electrocardiogram  machine,molybdenum,factor theorem,circular motion,biomolecules,calcudoku,corn maze,motoman series,do not open,history of damascus,projection clock,very long baseline interferometry,honey blonde,dugtrio,zatanna,spider-man,millpond,sinkhole,cervix
13,quail,split-level house,pagoda,silkworm,elephant seal,cobra,lemon shark,camarasaurus,doberman pinscher,shorthair,russell’s viper,apricot puree,sugar,american cheese,kangaroo paw,anise,brute,baritone horn,frigga,artemis,,fiber plants,hastate leaf,seeds,grey soil,calcite,sphene,komatiite,hypersphere,flip turn,sandalwood tree,fleece,flax,beechnut,fiori,sugar cream pie,prosciutto and arugula pizza,white dwarf,sickle,25,n,rainy season,,1997,11th day,44 years,51 kg,sunny,auriga,dubhe,proxima centauri b,malin 1,swift-tuttle,pellucidar,elixir,karatsuba algorithm,narrow bridge,collector road,seaplane,maintenance of way train,dornier do 24,scarlet lady,rope bridge,suborbital spacecraft,electron microscope,indium,spectral theorem,semiconductors,amines,nonograms,maze of doors,naïo technologies robots,the people's almanac,oxford research encyclopedias,orrery clock,interferometric array,grey,ivysaur,flash,rogue,marsh,gully,diaphragm
14,crane,detached house,shopping center,scarab,meerkat,desmatosuchus,pilot fish,albertosaurus,cairn terrier,kitten,hognose snake,eggplant puree,salt,taleggio,magnolia,wintergreen,frankenstein's monster,celtic harp,eir,blue,,biennial plants,compound leaf,thorns,volcanic soil,aragonite,diopside,conglomerate,klein bottle,tarzan swim,pear tree,jute,wheat,pecan,shells,blueberry pie,apple and brie pizza,intermediate-mass star,rapier,10,u,dry season,,2018,27th day,33 years,70 kg,dust storm,pegasus,mira,trappist-1f,sculptor galaxy,wild 2,valhalla,kotlin,hill climbing,railroad crossing,shared street,fire engine,auto train,mq-1 predator,eclipse,segmental cantilever bridge,infrared space telescopes,spectrophotometer,lithium,desargues' theorem,lasers,organic synthesis,magic squares,spherical maze,thymio,the unseen university challenge,american peoples encyclopedia,globe clock,daniel k. inouye solar telescope,black,rattata,captain cold,the mandarin,gulf,ice field,ureters
15,hoatzin,condo,skating rink,yellowjacket,pinnipeds,angonoka,mackerel,microraptor,kerry blue terrier,felidae,puff adder,orzo pasta,cake flour,yarg,gerbera daisy,chervil,fairy,classical guitar,forseti,chance,,terrestrial plants,simple leaf,canopy,aridisol soil,cassiterite,iolite,basalt,octagon,scissor kick,lemon tree,damask,popcorn,almond,orecchiette,oatmeal pie,balsamic glaze pizza,k giant star,knout,87,j,early winter,,1983,13th day,27 years,50 kg,tropical storm,cancer,vega,hd 209458 b,ngc 1300,c/2022 e3,the shire,php,traveling salesman problem,airport sign,state highway,hovercraft,rack railway train,beechcraft bonanza,allure of the arctic,simple suspension bridge,atmospheric entry probes,thermometer,americium,fundamental theorem of calculus,dark matter and dark energy,chemistry of alkali and alkaline earth metals,soma cube,hamiltonian maze,farmbot,uncle john's bathroom reader,hilyat al-awliya',water clock,extremely large telescope,mahogany,magneton,justice league,drax the destroyer,slough,headland,gallbladder
16,clutch,tipi,capitol,crane fly,koala,asp,piranha,coelophysis,hound,manx,green anaconda,peach mash,food coloring,mascarpone,lily,oregano,cherub,bass clarinet,vider,abu,,c3 plants,dichotomous leaf,internode,saline soil,magnetite,opal,rhyolite,bipyramid,whirl stroke,oak tree,hemp,durum wheat,pine nut,calamarata,amish peanut butter pie,gouda and pear pizza,carbon star,bullwhip,17,q,late autumn,,2002,12th day,46 years,73 kg,hailstorm,crux,eltanin,lhs 1140 b,whirlpool companion galaxy,encke’s comet,hyboria,haskell,edit distance,children crossing,overpass,rickshaw,luxury train,dg flugzeugbau dg-1000,norwegian epic,aqueduct bridge,x-ray space telescopes,polarimeter,silicon,pascal's theorem,electric fields and potential,computational chemistry,math riddles,maze crossword,spot,limca book of records,seikei zusetsu,binary clock,square kilometre array,dark brown,jigglypuff,hawkgirl,galactus,playa,gulch,medulla oblongata
17,ornithology,dormitory,spire,aphid,bushbaby,gavial,tiger shark,alamosaurus,mongrel,margay,yellow-bellied sea snake,yogurt,walnuts,pepper jack,dianthus,cicely,crone,drum,skadi,bella,,herbs,palmately compound leaf,seed coat,oxisol soil,scheelite,jade,sandstone,hyperboloid,texas crawl,camphor tree,herringbone,grass family,hickory nut,helices,mixed fruit pie,french bread pizza,intergalactic star,longbow,19,f,cherry blossom season,,1996,4th day,25 years,57 kg,heatwave,phoenix,mintaka,kepler-22b,draco dwarf galaxy,tuttle,neverland,erlang,sieve of eratosthenes,height limit,district road,cable car,cargo train,lockheed sr-71 blackbird,js izumo,vertical lift bridge,orbital spacecraft,voltmeter,germanium,isomorphism theorems,plasma state,statistical mechanics,rubik's cube,logic maze,robonaut 2,the malaysia book of records,history of baghdad,cuckoo clock,catadioptric telescope,,dodrio,doctor fate,ant-man,fjord,tableland,epididymis
18,frigatebird,caravan,stadium,fire ant,muskrat,gharial,sole,oviraptor,wild dog,rex,kraits,beef puree,hazelnuts,blue cheese,snapdragon,savory,giant,acoustic guitar,bragi,ace,,c4 plants,reticulate leaf,corms,mollisol soil,talc,tanzanite,schist,gnomon,slow crawl,wishing tree,lycra,chia,acorn,aglio e olio,grasshopper pie,garlic and olive oil pizza,luminous blue variable,weapon of mass destruction,93,e,,,1995,17th day,48 years,97 kg,frosty,delphinus,capella,trappist-1g,hoag's object,comet lovejoy,the underdark,bash,knuth-morris-pratt,steep ascent,national highway,rollerblades,high-speed train,sukhoi su-35,disney wish,stone arch bridge,venus landers,autoclave,thallium,divergence theorem,carnot cycle,fertilizers,optical illusions,picture maze,rowbot,emus can't walk backwards,reference software,fob watch,solar and heliospheric observatory,,weedle,anti-monitor,rocket raccoon,kettle lake,bend,vas deferens
19,emu,mansion,office building,buckeye butterfly,rat,collared lizard,zebrafish,dacentrurus,afghan hound,siamese,indian cobra,kiwi mash,rice flour,edam,ranunculus,berbere,bogeyman,double bass,heimdall,bosco,,energy crops,elliptical leaf,taproot,black soil,siderite,emerald,rock salt,orb,hand-over-hand crawl,banyan tree,batiste,spelt,pinyon,gnocchi,strawberry pie,vegetarian pizza,neutron star,assault rifle,43,x,,,2011,1st day,39 years,67 kg,freezing rain,aries,regulus,kepler-186f,pinwheel galaxy,great comet of 1577,alagaësia,javascript,rod cutting problem,scenic viewpoint,village road,trolleybus,hydrogen train,mil mi-24 hind,r/v oceanxplorer,warren truss bridge,reconnaissance satellites,anemometer,lawrencium,cayley-hamilton theorem,wave optics,petrochemicals,escape room puzzles,eulerian maze,kibo robot arm,for boys only,biographical dictionary,foucault pendulum clock,xmm-newton observatory,,parasect,two-face,shang-chi,wash,glacial moraine,smooth muscles
20,hummingbird,tenement,ferry terminal,robber fly,manatee,anole,grayling,baryonyx,beagle,somali,carpet python,pear mash,graham cracker crumbs,gouda,edelweiss,lemon verbena,gnome,bagpipe,freyja,butch,,medicinal plants,lobed leaf,root crown,clay soil,barite,kunzite,serpentinite,concave polygon,individual medley,yew tree,double knit,semolina,,mezze penne,vegetable pot pie,pepperoni pizza,wolf-rayet star,mortar,52,v,,,2004,29th day,40 years,80 kg,cold snap,aquarius,deneb,gliese 667cc,ngc 4414,churyumov-gerasimenko,ravnica,scala,bellman-ford algorithm,temporary speed limit,cobblestone road,airplane,armored train,boeing 777,hmm algeciras,simple beam bridge,scientific satellites,microscope,tin,wilson's theorem,big bang theory,solutions and colligative properties,kenken,cylindrical maze,terrasentia,the book of general ignorance,world statesmen,analog clock,arecibo telescope,,bulbasaur,lobo,doctor doom,strait,knoll,urethra
21,waxwing,cabin,library,copper butterfly,carnivora,crocodile,eel,shunosaurus,akita,turkish van,black mamba,kale puree,rum extract,iberico,bellflower,hyssop,medusa,chimes,ve,bojack,,industrial crops,horizontal leaf,peduncle,ultisol soil,corundum,sunstone,siltstone,heptagon,doggy paddle,dogwood tree,crepe,grain,,mezze maniche,nut pie,indian pizza,b-type star,pistol,82,o,,,1981,2nd day,15 years,93 kg,dry,cassiopeia,aldebaran,saturn,black eye galaxy,comet arend-roland,faerûn,ada,rabin-karp,loose gravel,residential street,bicycle,tanker train,mig-21,dilbar,radial cable-stayed bridge,space stations,particle accelerator,hassium,borsuk-ulam theorem,lenses and mirrors,chromatography,15 puzzle,perfect maze,cozmo,great american bathroom book,deaths of eminent men and the sons of the epoch,sundial,schmidt-cassegrain telescope,,charizard,nightwing,fantastic four,iceberg,valley,testes
22,owl,lodge,stable,house fly,seal,cryptoclidus,cod,megalosaurus,bulldog,abyssinnian,coastal taipan,banana mash,yeast,jarlsberg,calendula,kaffir lime leaves,cerberus,baby grand piano,ymir,coco,,annual plants,linear leaf,stamen,peaty soil,biotite,beryl,anthracite,octahedron,elementary backstroke,douglas fir tree,kevlar,teff,,xiang chun,date nut pie,tandoori chicken pizza,k supergiant,submachine gun,20,d,,,2013,25th day,22 years,71 kg,breezy,cepheus,wezen,ross 128 b,pegasus dwarf galaxy,comet west,the enchanted forest,c++,prim’s algorithm,cyclists prohibited,permeable road,horse-drawn carriage,electric train,grumman g-21 goose,msc meraviglia,three-hinged arch bridge,planetary orbiters,hygrometer,rutherfordium,residue theorem,black holes,pollution and green chemistry,crosswords,water maze,perseverance rover,the book of animal ignorance,all the knowledge in the world,digital clock,infrared astronomical satellite,,oddish,watchmen,jessica jones,bayou,hill,esophagus
23,songbird,shelter,vault,milkweed bug,gazelle,jamaican boa,x-ray tetra,pachyrhinosaurus,labrador retriever,feline,ball python,lentil puree,banana,boursault,forget-me-not,sassafras,centaur,bugle,hel,barkley,,trees,palmate leaf,petals,sandy soil,cinnabar,agate,gabbro,cuboid,trudgeon,cypress tree,madras,einkorn,,xinxim,mexican chocolate pie,fruit  pizza,pre-main-sequence star,dagger,37,w,,,2001,21st day,32 years,53 kg,rainy,cetus,mizar,kepler-452b,ugc 2885,c/2020 f3,azeroth,crystal,closest pair of points,trucks prohibited,tunnel road,yacht,funicular train,tupolev tu-144,hms queen elizabeth,clapper bridge,orbital cargo transporters,mass spectrometer,tungsten,sturm-liouville theorem,atomic physics,spectroscopy,acrostics,binary tree maze,roomba,that book ...of perfectly useless information,duden-bibliothek,stopwatch,solar dynamics observatory,,ponyta,constantine,magneto,seashore,ridge,ears
24,american golden plover,earth-sheltered house,warehouse,katydid,gray whale,box turtle,electric eel,polacanthus,alaskan malamute,ragdoll,tiger snake,date puree,instant coffee,panela,bells of ireland,woodruff,hag,conga drum,njord,chewy,,ornamental plants,yellow leaf,cortex,spodosol soil,serpentine,morganite,fossiliferous limestone,nonagon,corkscrew stroke,baobab tree,dupioni,barley,,paglia e fieno,coconut cream pie,fajita pizza,subgiant star,biological weapon,53,,,,2008,15th day,18 years,68 kg,cloudy,ursa minor,sadr,kapteyn b,sunflower galaxy,comet hyakutake,thra,prolog,k-means clustering,school zone ahead,service road,animal-drawn sled,battery-electric train,dassault rafale,oocl hong kong,submersible bridge,space tourism vehicles,light meter,sulfur,chebyshev's inequality,oscillations and simple harmonic motion,polymers,light-up puzzles,recursive backtracking maze,da vinci surgical system,,ma'lamat al-maghrib,smart clock,akari space telescope,,venomoth,legion of super-heroes,iron man,swamp,plateau,trachea
25,gizzard,summer house,courthouse,comma butterfly,northern right whale,girdled lizard,tuna,giganotosaurus,american cocker spaniel,sphynx,vine snake,okra puree,poppy seeds,ubriaco,delphinium,horseradish,demon,electric guitar,,cirrus,,autotrophic plants,deltoid leaf,stipule,durisol soil,fluorite,zoisite,quartzite,hexagonal prism,breaststroke,american chestnut tree,gingham,job's tears,,riccioli,coconut custard pie,everything bagel pizza,k-type star,flail,90,,,,2000,16th day,52 years,94 kg,thunderstorm,leo,barnard's star,neptune,cartwheel galaxy,halley's comet,exandria,objective-c,gradient descent,bus stop,toll road,truck,light rail train,a-10 thunderbolt ii,symphony of the seas,star cable-stayed bridge,sample return missions,beaker,neon,bayes' theorem,applications of plasma,polymer chemistry,hangman,interactive maze,codey rocky,,the yad vashem encyclopedia of the ghettos during the holocaust,floral clock,kepler space telescope,,machoke,darkseid,kingpin,wetland,kame,liver
26,partridge,unit,laboratory,bumblebee,hippopotamus,glass lizard,upside-down catfish,einiosaurus,pomeranian,bobtail,inland taipan,cherry puree,ghee,mozzarella,daisy,garam masala,leprechaun,bass drum,,blaze,,mangroves,lanceolate leaf,guard cells,desert soil,quartz,labradorite,mudstone,annulus,williamson turn,larch tree,cambric,,,pansotti,nectarine pie,buffalo chicken pizza,cool star,foil,83,,,,2016,8th day,47 years,83 kg,sleet,capricornus,betelgeuse,venus,ngc 253,holmes,golarion,assembly language,tarjan’s algorithm,speed bump,elevated road,canoe,inspection train,boeing 787,mv blue marlin,composite bridge,interplanetary crew vehicles,mri scanner,fermium,fermat's last theorem,magnetism in materials,thermochemistry,braille puzzles,multi-level maze,vex robotics kit,,,chess clock,adaptive optics telescope,,charmander,justice society of america,phoenix force,creek,,cardiac muscle
27,cassowary,apartment,assembly hall,lacewing,bison,green iguana,guppy,gryposaurus,spitz,bengal tiger,fer-de-lance,green bean puree,cornmeal,feta,lilac,galangal,imp,alto saxophone,,birdie,,climbers,leathery leaf,apical meristem,andisol soil,galena,alexandrite,coal,helix,australian crawl,magnolia tree,flannel,,,cavatappi,quiches,guacamole pizza,red supergiant,taser,77,,,,1999,20th day,34 years,92 kg,hot,pictor,alcor,,sombrero galaxy,ʻoumuamua,hyrule,matlab,secure hash algorithm,men at work,cycle track,glider,metro train,blériot xi,emma maersk,harp cable-stayed bridge,earth observation satellites,doppler radar,holmium,arrow's impossibility theorem,nanotechnology,molecular spectroscopy,domino puzzles,circular maze,agrobot sw6010,,,lantern clock,planck space observatory,,poliwhirl,reverse-flash,professor x,estuary,,lymph nodes
28,congregation,tract house,concert hall,skipper,weddell seal,bearded dragon,jackfish,velociraptor,siberian husky,javanese,boomslang,veal puree,grand marnier,maroilles,phlox,curry leaf,freak,bongo drum,,bubbles,,cash crops,bract leaf,stigma,plinthosol soil,bauxite,sapphire,shale,arc,donkey kick,birch tree,corduroy,,,spaghetti,dutch apple pie,potato pizza,dwarf star,club,3,,,,1989,6th day,17 years,54 kg,windy,lyra,caph,,virgo a,comet mcnaught,asgard,c#,logistic regression,keep right,emergency vehicle lane,ship,double-stack train,lockheed c-5 galaxy,hms prince of wales,balanced cantilever bridge,communications satellites,oscilloscope,nobelium,four color theorem,relativity,vitamins and hormones,tangram,virtual maze,guardbot,,,pocket watch,compton gamma ray observatory,,charmeleon,teen titans,silver surfer,lake,,uterus
29,fowl,efficiency apartment,fortress,springtail,human being,desert tortoise,thresher shark,corythosaurus,cur,wildcat,bushmaster,egg yolk,butter,goat cheese,hollyhock,carob,gorgon,cornet,,cocoa,,non-flowering plants,serrate leaf,stomata,fluvisol soil,hematite,diamond,chalk,hexaflexagon,crawl stroke,mango tree,modal,,,chiocciole,sour cream raisin pie,avocado and bacon pizza,cepheid variable,baton,57,,,,1990,,29 years,91 kg,blustery,scorpius,rigel,,cigar galaxy,,discworld,typescript,dynamic connectivity algorithm,parking area,motorway,ambulance,snowplow train,piper pa-28 cherokee,hanjin sooho,floating bridge,hypersonic test vehicles,atomic force microscope,bromine,brianchon's theorem,kinematics,aldehydes and ketones,chess puzzles,block maze,robonaut,,,atomic clock,herschel space observatory,,raticate,starfire,mephisto,bight,,pituitary gland
30,quetzal,tudor,greenhouse,armyworm,warthog,adder,skate,carnotaurus,airedale terrier,turkish angora,saw-scaled viper,cheerios,orange zest,parmesan,jonquil,basil,kelpie,cowbell,,babe,,aquatic plants,glabrous leaf,trunk,alluvial soil,chrysotile,carnelian,limestone,line segment,three-quarter backstroke,cedar of lebanon tree,chambray,,,penne,peach cobbler,sicilian pizza,algol variable,pommel,13,,,,1985,,16 years,66 kg,,tucana,rigil kentaurus,,leo i,,,julia,diffie-hellman key exchange,animal crossing,alleyway,bus,bullet train,de havilland canada dash 8,pioneering spirit,two-hinged arch bridge,navigation satellites,ph meter,ytterbium,liouville's theorem,wave-particle duality,quantum chemistry,slitherlink,color maze,bb-8,,,equation clock,very large telescope,,vulpix,phantom stranger,kraven the hunter,shoreline,,skin
31,starling,duplex,pavilion,june bug,tarsier,american crocodile,tetra,hadrosaurus,papillon,alley cat,paradise flying snake,mashed peas,gelatin,manchego,carrion flower,salad burnet,fire-breathing dragon,bass guitar,,blondie,,bryophytes,green leaf,bulbs,silt soil,sphalerite,,marble,equilateral triangle,locomotive drill,pine tree,leather,,,wheat pasta,french silk pie,jerk chicken pizza,f-type star,ammo,72,,,,1993,,19 years,87 kg,,vulpecula,spica,,messier 81,,,vbscript,selection sort,no parking,farm-to-market road,ferry,diesel-electric train,spaceshiptwo,ever given,pratt truss bridge,lunar landers,erlenmeyer flask,zirconium,thales' theorem,geophysics,chemical thermodynamics,battleship puzzle,imperfect maze,meccano meccanoid,,,timer,nustar,,psyduck,black manta,sandman,canal,,tongue
32,lorikeet,bungalow,police station,mantid,binturong,anaconda,lake trout,nodosaurus,gun dogs,maine coon,yellow anaconda,cucumber slices,apricot preserves,provolone,california poppy,star anise,little people,clavichord,,cookie,,desert plants,red leaf,midrib,terra rossa soil,bornite,,hornfels,lozenge,guppy crawl,peach tree,lace,,,ziti,turtle pie,arugula and prosciutto pizza,red-main-sequence star,bazooka,12,,,,1980,,53 years,69 kg,,corvus,zubeneschamali,,antennae galaxies,,,rust,bubble sort,directional arrow,forest road,garbage truck,heritage train,grob g103 twin astir,msc gülsün,bowstring arch bridge,weather satellites,cryostat,strontium,lagrange's theorem,elasticity,chemical bonding,tower of hanoi,rope maze,cubetto,,,incense clock,single-dish radio telescope,,ekans,black canary,dormammu,source,,seminal vesicles
33,curlew,log cabin,station,ulysses butterfly,great apes,diamondback rattlesnake,dogfish,psittacosaurus,sled dog,bombay,ribbon snake,black bean puree,chia seeds,havarti,clover,parsley,chimera,carillon,,chief,,parasitic plants,crenate leaf,leaves,ferralsol soil,sillimanite,,andesite,curve,skulling,mahogany tree,jersey,,,trenette,banoffee pie,sweet potato and marshmallow pizza,magnetar,muzzleloader,47,,,,1982,,42 years,58 kg,,vela,algol,,ngc 6744,,,lua,bucket sort,emergency phone,gravel road,train,,lockheed l-1011 tristar,aidanova,living root bridge,autonomous resupply vehicles,soil moisture meter,oxygen,fundamental theorem of algebra,capacitance,complex ions,morse code puzzles,arrow maze,jibo,,,flip clock,refracting telescope,,primeape,batman,abomination,river delta,,large intestine
34,rookery,real estate,outbuilding,walking stick,okapi,,hammerhead shark,brontosaurus,schnauzer,tabby,reticulated python,quick oats,corn syrup,halloumi,tickseed,mustard seed,behemoth,cello,,bingo,,food crops,succulent leaf,filament,loamy soil,halite,,slate,decagon,lazy crawl,beech tree,cashmere,,,sedani,shoofly pie,margherita pizza,protostar,firearm,5,,,,2005,,26 years,64 kg,,cygnus,ras algethi,,fornax dwarf galaxy,,,,message digest algorithm,weight limit,ice road,helicopter,,bell 206 jet ranger,apl temasek,double-deck suspension bridge,mars landers,rain gauge,vanadium,cauchy's integral theorem,superconductivity,supramolecular chemistry,story puzzles,word maze,temi,,,alarm clock,ritchey-chrétien telescope,,wartortle,shazam,red skull,tide pool,,parathyroid glands
35,chickadee,yurt,dome,firefly,wallaby,,great white shark,stegosaurus,boston terrier,burmese,eastern brown snake,diced carrots,light corn syrup,bel paese,canna,turmeric,djinn,cimbalom,,bailey,,vines,pubescent leaf,embryo,podzol soil,apatite,,pegmatite,conic section,sidestroke scissors,olive tree,gauze,,,cencioni,vanilla cream pie,yam pizza,binary stars,cannon,67,,,,2003,,24 years,74 kg,,libra,polaris,,sextans a,,,,depth-first search,pedestrian crossing ahead,bypass,scooter,,eurocopter ec135,celebrity edge,cantilever bridge,,centrifuge,terbium,pythagorean theorem,alternating current,metabolic pathways,point-and-click puzzles,3d maze,sawyer,,,musical clock,balloon-borne telescope,,pikachu,joker,captain america,dam,,cerebellum
36,woodpecker,microapartment,jail,earwig,walrus,,humuhumu-nukunuku-apua'a,prenocephale,bullmastiff,jaguarundi,olive sea snake,oatmeal,umeboshi paste,xynotyro,sepal,harissa,banshee,didgeridoo,,buzz,,temperate plants,spatulate leaf,mesocarp,gleysol soil,mica,,,cardioid,merman crawl,cherry tree,jacquard,,,radiatori,red currant pie,carnivore pizza,s-type star,machine gun,2,,,,2015,,55 years,89 kg,,pisces,zubenelgenubi,,whirlpool galaxy,,,,linear search,curve ahead,bridge road,gondola lift,,bayraktar tb2,charles de gaulle,modular bridge,,water testing kit,potassium,gödel's incompleteness theorem,tensor analysis,transition metals and coordination compounds,kakuro,hexagonal maze,curiosity rover,,,hourglass,dobsonian telescope,,fearow,blue beetle,kitty pryde,inlet,,adrenal glands
37,finch,yaodong,gymnasium,maggot,ibex,,roughy,hesperornithoides,lap dog,longhair,dubois' sea snake,avocado puree,candied ginger,swiss cheese,corpse flower,capers,loch ness monster,celesta,,barney,,grasses,vertical leaf,receptacle,chalky soil,olivine,,,ellipse,synchronized swimming,poplar tree,denim,,,ravioli,jelly pie,tex-mex  pizza,early-type star,brass knuckles,73,,,,2019,,23 years,61 kg,,,alnilam,,hercules a,,,,ford-fulkerson algorithm,tunnel ahead,arterial road,motorcycle,,robinson r44,rv tangaroa,covered bridge,,wind vane,manganese,hahn-banach theorem,electromagnetic induction,hydrocarbons,lateral thinking puzzles,ice maze,rosa,,,led clock,reflecting telescope,,bellsprout,wonder woman,venom,kill,,brain
38,ichthyornis,lean-to,granary,bedbug,ring-tailed lemur,,oarfish,plateosaurus,cape hunting dog,kitty,,cranberry sauce,caramel sauce,queso blanco,pussy willow,celery seed,elf,bow,,beethoven,,carnivorous plants,sheathing leaf,stems,brown earth soil,feldspar,,,cone,skins race,teak tree,bamboo,,,anelli,chocolate cream pie,steak and blue cheese pizza,flare star,arms,23,,,,2007,,45 years,82 kg,,,sirius,,messier 82,,,,z algorithm,speed limit,dirt road,cargo ship,,lockheed martin sr-72,cscl globe,truss girder bridge,,optical telescope,plutonium,euclid's theorem,dynamics,nanochemistry,cryptograms,triangular maze,r5,,,radio clock,newtonian telescope,,voltorb,ra’s al ghul,x-men,river,,stomach
39,sparrow,primary residence,hot house,cricket,kudu,,pufferfish,ankylosaurus,basenji,mouser,,raspberry mash,coconut oil,double gloucester,begonia,tarragon,gargoyle,bandura,,bozo,,,needle leaf,style,entisol soil,stibnite,,,hyperbola,touch and go turn,sequoia tree,brocade,,,cavatelli,pumpkin pie,zucchini and feta pizza,blue giant,atomic bomb,92,,,,1992,,54 years,75 kg,,,shaula,,,,,,graph coloring algorithm,slippery road,,drone,,bell ah-1 cobra,rv falkor,k-truss bridge,,seismometer,iridium,riesz representation theorem,newton's laws of motion,solid state chemistry,hashiwokakero,changing maze,valkyrie,,,,spitzer space telescope,,slowpoke,bane,the lizard,waterfall,,small intestine
40,rooster,guest house,folly,backswimmer,naked mole-rat,,anchovy,torosaurus,brittany,clouded leopard,,yam puree,flour,queso de bola,mistletoe,fennel,fiend,alphorn,,angus,,,,root hairs,,pyroxene,,,crescent,the 4-2-3-1 drill,moringa tree,egyptian cotton,,,bavette,boston cream pie,cheese pizza,supernova,landmine,,,,,,,36 years,88 kg,,,,,,,,,johnson’s algorithm,steep descent,,cargo plane,,sikorsky uh-60 black hawk,keldysh,swing bridge,,astrolabe,darmstadtium,dirichlet's theorem on arithmetic progressions,vibrations and resonance,carboxylic acids and derivatives,portal puzzles,,cyberknife,,,,gregorian telescope,,nidoqueen,supergirl,nightcrawler,loch,,bladder
41,swan,chateau,farm,pond skater,anteater,,lungfish,therizinosaurus,collie,oriental,,tuna puree,yoke,wensleydale,primrose,sage,changeling,bandoneon,,buster,,,,pericarp,,,,,circle,georgia sidestroke,joshua tree,batik,,,fedelini,yuzu tart,eggplant parmesan pizza,iron star,stiletto,,,,,,,35 years,56 kg,,,,,,,,,data encryption standard,toll booth,,boat,,boeing 747 freighter,queen mary 2,box girder bridge,,radiosonde,magnesium,taylor's theorem,atmospheric physics,halogens and noble gases,sudoku,,aibo,,,,large binocular telescope,,metapod,gorilla grodd,iron fist,pool,,bone marrow
42,eider,vacation house,quonset hut,painted lady butterfly,orca,,barracuda,stygimoloch,fox terrier,,,strawberry mash,buttermilk,fondue,pansy,garlic,,conch,,,,,,roots,,,,,hexagon,one-armed backstroke,hemlock tree,ikat,,,eliche,grape pie,hawaiian pizza,white supergiant,machete,,,,,,,,62 kg,,,,,,,,,radix sort,hov lane,,slurry pipeline,,spitfire,ins vikrant,baltimore truss bridge,,telescope,yttrium,markov's inequality,fiber optics,crystal field theory,checkers challenges,,scara robots,,,,,,beedrill,suicide squad,jean grey,island,,prostate
43,cockatoo,building,garage,yellow-white butterfly,llama,,seadragon,parasaurolophus,samoyed,,,jello,coffee liqueur,brie,lantana,clove,,bell,,,,,,ovary,,,,,disk,eggbeater kick,ebony tree,linen,,,fiori di zucca,raspberry pie,taco pizza,o supergiant,tank,,,,,,,,77 kg,,,,,,,,,kosaraju’s algorithm,traffic signal ahead,,electric vehicle,,boeing 737,maersk mc-kinney møller,stiffened suspension bridge,,weather balloon,livermorium,rank-nullity theorem,waves and wave motion,"acids, bases, and oxides of elements",number link,,hayabusa,,,,,,golbat,red hood,sabretooth,tidal basin,,tonsils
44,coot,chalet,theater,lightning bug,tapir,,velvetfish,troodon,great pyrenees,,,rice cereal,cream,boursin,bougainvillea,angelica,,balalaika,,,,,,spines,,,,,dot,sidestroke,bodhi tree,acetate,,,yaki udon,jam tart,olive tapenade pizza,eclipsing binary,rifle,,,,,,,,72 kg,,,,,,,,,linear regression,no u-turn,,fighter jet,,sukhoi su-57,azzam,bascule bridge,,core drill,cobalt,cramer's rule,crystallography,stoichiometry,puzzle locks,,moxi,,,,,,hypno,riddler,green goblin,run,,ovaries
45,rook,trailer home,crypt,brown butterfly,pig,,whiting,maiasaura,purebred,,,veggie sticks,confectioners' glaze,gorgonzola,gladiolus,marjoram,,castanets,,,,,,shoot,,,,,cube,plunge,kapok tree,,,,trofie,cherry pie,ziti and meatball pizza,be star,carbine,,,,,,,,81 kg,,,,,,,,,insertion sort,handicap parking,,gas pipeline,,northrop grumman b-2 spirit,flying fox,,,multimeter,cerium,ceva's theorem,current electricity,enzymes and catalysis,wordoku,,sphero bolt,,,,,,meowth,atom,mysterio,port,,pineal gland
46,ruby-throated hummingbird,brownstone,gazebo,larva,marine mammals,,glassfish,spinosaurus,old english sheepdog,,,applesauce,za'atar,queso fresco,laurel,peppermint,,brass instruments,,,,,,axil,,,,,,freestyle,willow tree,,,,tufoli,kentucky derby pie,broccoli and cheddar pizza,l-type star,javelin,,,,,,,,95 kg,,,,,,,,,hashing algorithm,yield,,spacecraft,,embraer e-jet series,octopus,,,chronometer,bismuth,picard-lindelöf theorem,laws of thermodynamics,"alcohols, phenols, and ethers",hidden object puzzles,,makeblock mbot,,,,,,kakuna,green lantern,groot,fork,,thyroid gland
47,western meadowlark,gabled house,catacomb,mayfly,hyrax,,paddlefish,hypsilophodon,lhasa apso,,,carrot puree,pie crust,asiago,hydrangea,coriander,,clarinet,,,,,,petiole,,,,,,flutter kick,neem tree,,,,fideo,boysenberry pie,breakfast pizza,main sequence star,ordnance,,,,,,,,78 kg,,,,,,,,,quick sort,ev charging station,,,,airbus a380,rv investigator,,,x-ray machine,lead,euler's line theorem,nuclear physics,atmospheric chemistry,cipher puzzles,,wowwee robosapien,,,,,,golduck,beast boy,eternals,headwaters,,bronchi
48,wood thrush,barracks,nursing home,water bug,buffalo,,orthacanthus,protoceratops,coon hound,,,porridge,cloves,stilton,hawthorn,borage,,,,,,,,epidermis,,,,,,one-armed butterfly,fig tree,,,,bucatini,lemon meringue pie,kale and ricotta pizza,yellow dwarf,trident,,,,,,,,86 kg,,,,,,,,,minimax algorithm,falling rocks,,,,antonov an-225 mriya,uss theodore roosevelt,,,electrometer,sodium,tychonoff's theorem,rotational dynamics,nuclear chemistry,flow free,,sojourner,,,,,,machamp,harley quinn,infinity,cove,,nose
49,rock pigeon,household,steeple,insect,artiodactyls,,rockfish,huayangosaurus,briard,,,hummus,jam,valdeon,carnation,wasabi,,,,,,,,pith,,,,,,back crawl,cherry blossom tree,,,,mostaccioli,yum yum pie,clam pizza,red giant,shillelagh,,,,,,,,63 kg,,,,,,,,,neural networks,no entry,,,,global hawk,,,,radio telescope,helium,stokes' theorem,kinetic theory of gases,thermodynamics,sokoban,,hubo,,,,,,haunter,solomon grundy,taskmaster,brook,,arteries
50,great egret,penthouse,roller rink,luna moth,american bison,,grunion,dracorex,corgi,,,spinach puree,malted milk powder,cambozola,johnny-jump-up,chives,,,,,,,,endosperm,,,,,,roll stroke,ashoka tree,,,,knoephla,triple berry pie,okonomiyaki pizza,red dwarf,flintlock,,,,,,,,,,,,,,,,,counting sort,destination board,,,,boeing ah-64 apache,,,,rock hammer,protactinium,banach-steinhaus theorem,mechanics of rigid bodies,chemistry of nonmetals,brain teasers,,reaper drone,,,,,,diglett,green lantern corps,the watcher,billabong,,hypothalamus
51,nandu,hunting lodge,dock,hairstreak butterfly,skunk,,blowfish,ceratosaurus,cocker spaniel,,,greek yogurt,strawberry jam,colby,poppy,paprika,,,,,,,,ovule,,,,,,dolphin kick,eucalyptus tree,,,,cellentani,whoopie pie,salami and olive pizza,detached binary,morning star,,,,,,,,,,,,,,,,,activity selection problem,road work,,,,cessna 172,,,,calorimeter,platinum,banach-tarski theorem,x-rays,gravimetric and volumetric analysis,jigsaw puzzle,,predator drone,,,,,,cloyster,spectre,scarlet witch,cataract,,nasal cavity
52,ring-billed gull,houseboat,factory,meadowhawk,rhino,,blue shark,argentinosaurus,weimaraner,,,fennel puree,coffee,zamorano,flower,spearmint,,,,,,,,sepals,,,,,,tandem swimming,tulip tree,,,,fusilli bucati,banana cream pie,neapolitan pizza,m-type star,maul,,,,,,,,,,,,,,,,,random forest,highway exit sign,,,,airbus a320,,,,accelerometer,aluminum,brouwer fixed-point theorem,standard model of particle physics,chemical kinetics,binary puzzles,,tug,,,,,,zubat,eclipso,guardians of the galaxy,lagoon,,pancreas
53,grosbeak,hotel,watermill,ambush bug,black bear,,loach,triceratops,springer spaniel,,,beet puree,chocolate chips,camembert,cornflower,mint,,,,,,,,branch,,,,,,butterfly stroke,spruce tree,,,,sagnarelli,buttermilk pie,eggplant and ricotta pizza,o-type star,quarterstaff,,,,,,,,,,,,,,,,,simulated annealing,temporary road divider,,,,boeing 747,,,,stethoscope,flerovium,maximum modulus theorem,entropy,periodic table and periodicity,zebra puzzles,,lego mindstorms robots,,,,,,grimer,brainiac,ultron,firth,,nerves
54,loon,dwelling,meeting hall,japanese beetle,bandicoot,,shad,brachiosaurus,border collie,,,leek puree,demerara sugar,pecorino,anemone,thyme,,,,,,,,fibrous root,,,,,,mixed medley relay,aspen tree,,,,nidi di rondine,apple crumble,seafood pizza,rogue star,blackjack,,,,,,,,,,,,,,,,,binary search,dead end,,,,mil mi-8,,,,bunsen burner,argon,jordan-hölder theorem,medical imaging techniques,"acids, bases, and salts",what am i? riddles,,lettucebot,,,,,,nidoking,aquaman,apocalypse,mangrove swamp,,
55,jay,row house,amphitheater,termite,deer,,wrasse,deinonychus,service dog,,,melon puree,piping gel,pouligny-saint-pierre,narcissus,sumac,,,,,,,,anther,,,,,,water polo stroke,rubber tree,,,,yakisoba,mince pie,white pizza,hypergiant,bowie knife,,,,,,,,,,,,,,,,,strassen’s matrix multiplication,fresh oil surface,,,,mcdonnell douglas dc-10,,,,gravimeter,copernicium,menelaus' theorem,renewable energy,soil chemistry,anagrams,,bee-bot,,,,,,wigglytuff,birds of prey,inhumans,mud flat,,
56,snowbirds,crib,bunker,owl butterfly,collared peccary,,luminous shark,centrosaurus,guard dog,,,whole grain cereal,amaretto,limburger,mock orange,dill,,,,,,,,tubers,,,,,,forward crawl,maple tree,,,,barley pasta,peach pie,chicken alfredo pizza,,nunchaku,,,,,,,,,,,,,,,,,topological sort,road narrows,,,,cirrus sr22,,,,magnetometer,europium,ramsey's theorem,thermal expansion,molecular orbital theory,,,nao,,,,,,arcanine,highfather,x-force,shallows,,
57,budgerigar,residence,headquarters,butterfly,horse,,trout,diplodocus,australian cattle dog,,,breastmilk,tofu,kasseri,sego lily,licorice,,,,,,,,,,,,,,whip kick,black walnut tree,,,,linguettine,irish cream pie,ricotta and spinach pizza,,automatic rifle,,,,,,,,,,,,,,,,,backtracking algorithm,taxi stand,,,,x-1,,,,sphygmomanometer,osmium,noether's theorem,heat transfer,functional groups and nomenclature,,,dash,,,,,,caterpie,martian manhunter,young avengers,puddle,,
58,grouse,pup tent,church,gypsy moth,gopher,,sunfish,styracosaurus,german shepherd,,,sorbet,whole milk,roquefort,dogwood,caraway,,,,,,,,,,,,,,peacock stroke,dragon tree,,,,cappelletti,lemon blueberry cream pie,deep dish pizza,,katana,,,,,,,,,,,,,,,,,boyer-moore,pedestrian crossing,,,,boeing c-17 globemaster iii,,,,spectrometer,seaborgium,urysohn's lemma,electrostatics,surface chemistry,,,bigdog,,,,,,magnemite,poison ivy,one-above-all,crater lake,,
59,kingbird,treehouse,bridge,pupa,loris,,carp,saichania,fighting dog,,,honeydew melon,dark chocolate,gjetost,calla lily,fenugreek,,,,,,,,,,,,,,spin drill,bottle tree,,,,rotelle,raspberry chocolate pie,lobster pizza,,grenade launcher,,,,,,,,,,,,,,,,,breadth-first search,one way,,,,boeing b-52 stratofortress,,,,,niobium,nash equilibrium theorem,optical instruments,titration,,,dash and dot,,,,,,muk,doom patrol,gamora,mouth,,
60,redwing,palace,compound,fruit fly,pangolin,,nurse shark,pachycephalosaurus,wheaten terrier,,,orange mash,almonds,caerphilly,petal,jerk spice,,,,,,,,,,,,,,inverted breaststroke,banana tree,,,,tripoline,peanut butter banana pie,sausage and mushroom pizza,,sword,,,,,,,,,,,,,,,,,interpolation search,crossroads ahead,,,,airbus beluga,,,,,ruthenium,löwenheim-skolem theorem,quantum mechanics,electroanalytical methods,,,atlas,,,,,,rapidash,huntress,star-lord,tributary,,
61,ornithologist,living quarters,armory,dragonfly,perissodactyls,,needlefish,dilophosaurus,miniature schnauzer,,,salmon puree,chocolate,fontina,wildflowers,juniper berry,,,,,,,,,,,,,,trudgen crawl,fir tree,,,,rigatoni,butterscotch pie,upside-down pizza,,cudgel,,,,,,,,,,,,,,,,,knapsack problem,lane closed,,,,x-15,,,,,bohrium,rolle's theorem,stars and stellar evolution,organic reaction mechanisms,,,furby,,,,,,poliwag,superman,avengers,sound,,
62,grebe,castle,tomb,hornet,dolphin,,pollock,dreadnoughtus,vizsla,,,tapioca pudding,baking chocolate,manouri,mallow,lemon balm,,,,,,,,,,,,,,tunnel swimming,palm tree,,,,capellini,triple chocolate pie,pancetta and fig pizza,,blowgun,,,,,,,,,,,,,,,,,genetic algorithm,sharp turn,,,,messerschmitt bf 109,,,,,thulium,kuratowski's theorem,magnetic fields and forces,waste management,,,eufy robovac,,,,,,venonat,green arrow,juggernaut,glacier cave,,
63,birding,tent,outhouse,zebra swallowtail butterfly,dromedary,,whale shark,euoplocephalus,puppy,,,corn puree,cake mix,string cheese,jessamine,saffron,,,,,,,,,,,,,,modified breaststroke,monkey puzzle tree,,,,conchiglie,chocolate pecan pie,nacho pizza,,saber,,,,,,,,,,,,,,,,,edmonds-karp algorithm,no through road,,,,mooney m20,,,,,hafnium,,electromagnetic waves,electrochemistry,,,ur series,,,,,,shellder,batgirl,black widow,pond,,
64,rockhopper penguin,double-wide,arena,cutworm,right whale,,sea bass,iguanodon,scent hound,,,watermelon puree,meringue powder,,wisteria,,,,,,,,,,,,,,,racing dive,tea tree,,,,canestrini,ricotta pie,sun-dried tomato and olive pizza,,tank gun,,,,,,,,,,,,,,,,,support vector machines,detour,,,,p-51 mustang,,,,,scandium,,,colligative properties,,,medrobotics flex system,,,,,,squirtle,catwoman,living tribunal,bog,,
65,waterthrush,townhouse,pool house,roach,gibbon,,zebra bullhead shark,lambeosaurus,mastiff,,,yogurt drops,tamarind paste,,rose,,,,,,,,,,,,,,,overarm sidestroke,jacaranda tree,,,,macaroni,upside-down pineapple pie,tikka masala pizza,,tear gas,,,,,,,,,,,,,,,,,merge sort,hospital sign,,,,pby catalina,,,,,astatine,,,gaseous laws,,,sophia,,,,,,gengar,,ego the living planet,surf,,
66,scrub jay,farmhouse,store,blue morpho butterfly,primates,,halibut,kentrosaurus,pit bull,,,barley cereal,mint extract,,myrtle,,,,,,,,,,,,,,,front scull,sacred fig tree,,,,pici,plum tart,basil pesto chicken pizza,,atom bomb,,,,,,,,,,,,,,,,,fractional knapsack,bike lane,,,,concorde,,,,,moscovium,,,water chemistry and treatment,,,dogo robot,,,,,,kadabra,,celestials,watershed,,
67,rhea,domicile,arch,metamorphosis,bowhead whale,,catfish,tuojiangosaurus,utonagan,,,sweet potato mash,lemon curd,,sunflower,,,,,,,,,,,,,,,hand paddles,plum tree,,,,garganelli,blueberry crumble,s'mores dessert pizza,,bomb,,,,,,,,,,,,,,,,,rsa algorithm,roundabout ahead,,,,f-16 fighting falcon,,,,,promethium,,,atomic structure,,,alpha 1s robot,,,,,,alakazam,,doctor strange,sea cave,,
68,white pelican,shack,hangar,nymph,vampire bat,,lamprey,utahraptor,harrier,,,mango mash,citrus zest,,peach blossom,,,,,,,,,,,,,,,underwater swimming,,,,,ruote,water pie,kebab pizza,,boobytrap,,,,,,,,,,,,,,,,,heap sort,horn prohibited,,,,f4u corsair,,,,,praseodymium,,,dna and rna chemistry,,,xenex germ-zapping robot,,,,,,sandshrew,,storm,narrows,,
69,rail,co-op,lighthouse,horse fly,coyote,,hagfish,,king charles spaniel,,,veggie blend puree,baking powder,,hibiscus,,,,,,,,,,,,,,,windmill stroke,,,,,pizzoccheri,zucchini pie,roasted garlic and mushroom pizza,,epee,,,,,,,,,,,,,,,,,egg dropping puzzle,,,,,f-35 lightning ii,,,,,technetium,,,chemical reactions and equations,,,kuri,,,,,,onix,,thanos,riverbed,,
70,brown pelican,flat,playhouse,wood nymph butterfly,dall's porpoise,,barb,,maltese,,,blackberry mash,agave nectar,,wallflower,,,,,,,,,,,,,,,long dog paddle,,,,,sedani rigati,fudge pie,caramelized onion and fig pizza,,scimitar,,,,,,,,,,,,,,,,,shell sort,,,,,lockheed vega,,,,,tennessine,,,heterocyclic compounds,,,fanuc m-series,,,,,,pidgeot,,carnage,channel,,
71,downy woodpecker,inn,parliament,borer,killer whale,,crappie,,basset hound,,,pineapple mash,jasmine extract,,lily-of-the-valley,,,,,,,,,,,,,,,whirlpool stroke,,,,,manicotti,blackberry pie,ricotta and honey pizza,,shotgun,,,,,,,,,,,,,,,,,maximum subarray,,,,,vickers vimy,,,,,thorium,,,,,,philae lander,,,,,,machop,,thunderbolts,islet,,
72,jackdaw,country house,ferry slip,queen alexandra's birdwing butterfly,smilodon,,galapagos shark,,keeshond,,,butternut squash mash,maple syrup,,freesia,,,,,,,,,,,,,,,english backstroke,,,,,farfalle,tomato basil pie,artichoke and feta pizza,,axe,,,,,,,,,,,,,,,,,advanced encryption standard,,,,,airbus a330,,,,,oganesson,,,,,,dextre,,,,,,blastoise,,kang the conqueror,subglacial lake,,
73,bittern,tepee,carport,weevil,mustelids,,bluefin tuna,,golden retriever,,,diced apples,cognac,,dahlia,,,,,,,,,,,,,,,tarzan crawl,,,,,zitoni,pecan pie,paella pizza,,a-bomb,,,,,,,,,,,,,,,,,kruskal’s algorithm,,,,,douglas dc-3,,,,,californium,,,,,,baxter,,,,,,butterfree,,luke cage,oxbow lake,,
74,macaw,motel,aircraft hangar,ant,kangaroo,,parrotfish,,saluki,,,infant cereal,cocoa powder,,stock,,,,,,,,,,,,,,,treading water,,,,,farfalloni,black bottom pie,alfredo pizza,,shooter,,,,,,,,,,,,,,,,,euclidean algorithm,,,,,dji phantom series,,,,,tantalum,,,,,,astrobee,,,,,,clefable,,eternity,rivulet,,
75,migrate,lodging,storehouse,louse,musk ox,,blenny,,west highland white terrier,,,guava puree,black cocoa powder,,lady's slipper,,,,,,,,,,,,,,,kickboard drill,,,,,ziti rigati,bourbon pecan pie,mexican street corn pizza,,halberd,,,,,,,,,,,,,,,,,longest common subsequence,,,,,beriev be-200,,,,,samarium,,,,,,smartcore,,,,,,weepinbell,,mystique,arm of the sea,,
76,petrel,dacha,forge,assassin bug,mammoth,,shark,,jack russell terrier,,,guacamole,vegetable oil,,gillyflower,,,,,,,,,,,,,,,water ballet,,,,,passatelli,key lime pie,yorkshire pudding pizza,,autocannon,,,,,,,,,,,,,,,,,alpha-beta pruning,,,,,atr 72,,,,,cesium,,,,,,ecorobotix weeder,,,,,,graveler,,daredevil,waterway,,
77,flightless,hut,prefab building,tsetse fly,red panda,,emperor angelfish,,feist,,,grape slices,marshmallows,,heather,,,,,,,,,,,,,,,somersault,,,,,fusilli,tiramisu pie,barbecue pizza,,bayonet,,,,,,,,,,,,,,,,,bloom filter,,,,,mig-29 fulcrum,,,,,nihonium,,,,,,mip,,,,,,farfetch’d,,electro,stream,,
78,plover,dorm,city hall,praying mantid,numbat,,pupfish,,rhodesian ridgeback,,,papaya puree,sprinkles,,larkspur,,,,,,,,,,,,,,,jellyfish float,,,,,caccavelle,toffee crunch pie,meatball pizza,,blaster,,,,,,,,,,,,,,,,,a* search,,,,,f-22 raptor,,,,,lutetium,,,,,,talon robot,,,,,,vileplume,,defenders,,,
79,common rhea,mobile home,clubhouse,bluet,coati,,clownfish,,terrier,,,cantaloupe puree,granulated sugar,,yucca flower,,,,,,,,,,,,,,,,,,,,quadrucci,apple pie,tartiflette pizza,,gun,,,,,,,,,,,,,,,,,fast fourier transform,,,,,,,,,,polonium,,,,,,delta robots,,,,,,nidorino,,,,,
80,nightjar,quarters,geodesic dome,moth,bighorn sheep,,sardine,,borzoi,,,blueberry mash,raisins,,foxglove,,,,,,,,,,,,,,,,,,,,ditalini,black forest pie,greek pizza,,ammunition,,,,,,,,,,,,,,,,,monte carlo algorithm,,,,,,,,,,fluorine,,,,,,icub,,,,,,ninetales,,,,,
81,flycatcher,attached house,market,cicada,bongo,,dory,,pug,,,tofu cubes,all-purpose flour,,thistle,,,,,,,,,,,,,,,,,,,,linguine,ice cream pie,yogurt and cucumber pizza,,spiked mace,,,,,,,,,,,,,,,,,,,,,,,,,,,meitnerium,,,,,,asimo,,,,,,victreebel,,,,,
82,gyrfalcon,hacienda,refinery,lice,aye-aye,,coelacanth,,working dog,,,juiced fruits,butterscotch chips,,honeysuckle,,,,,,,,,,,,,,,,,,,,strozzapreti,peanut butter pie,four cheese pizza,,stun gun,,,,,,,,,,,,,,,,,,,,,,,,,,,xenon,,,,,,rewalk exoskeleton,,,,,,gloom,,,,,
83,blackbird,triplex,chapel,darkling beetle,tamarin,,dunkleosteus,,retriever,,,udon noodles,dates,,dandelion,,,,,,,,,,,,,,,,,,,,corzetti,rhubarb pie,pulled pork pizza,,spear,,,,,,,,,,,,,,,,,,,,,,,,,,,neptunium,,,,,,zenbo,,,,,,geodude,,,,,
84,kingfisher,saltbox,opera house,swallowtail butterfly,pronghorn,,greenland shark,,newfoundland,,,,pastry flour,,violet,,,,,,,,,,,,,,,,,,,,cannelloni,strawberry rhubarb pie,black bean and corn pizza,,arrow,,,,,,,,,,,,,,,,,,,,,,,,,,,rhenium,,,,,,opportunity rover,,,,,,pidgeotto,,,,,
85,lark,adobe house,airport terminal,jumping bean,antelope,,elver,,search-and-rescue dog,,,,self-rising flour,,bouquet,,,,,,,,,,,,,,,,,,,,nokedli,white chocolate raspberry pie,truffle pizza,,uzi,,,,,,,,,,,,,,,,,,,,,,,,,,,mendelevium,,,,,,vector,,,,,,drowzee,,,,,
86,barn owl,loft,strip mall,caterpillar,cavy,,orange roughy,,police dog,,,,instant yeast,,columbine,,,,,,,,,,,,,,,,,,,,ramen,huckleberry pie,tuna nicoise pizza,,semiautomatic,,,,,,,,,,,,,,,,,,,,,,,,,,,iron,,,,,,canadarm,,,,,,abra,,,,,
87,razorbill,estate,mill,kissing bug,quagga,,fish,,mexican hairless,,,,fruit,,orchid,,,,,,,,,,,,,,,,,,,,fettuccine,avocado key lime pie,khachapuri,,weaponry,,,,,,,,,,,,,,,,,,,,,,,,,,,berkelium,,,,,,ingenuity helicopter,,,,,,mankey,,,,,
88,ptarmigan,beach house,supermarket,thrip,sloth,,salmon,,sighthound,,,,margarine,,cosmos,,,,,,,,,,,,,,,,,,,,bigoli,mango pie,caprese pizza,,tomahawk,,,,,,,,,,,,,,,,,,,,,,,,,,,gadolinium,,,,,,kuka kr series,,,,,,doduo,,,,,
89,crow,housing project,barn,hover fly,echidna,,seahorse,,westie,,,,heavy cream,,vetch,,,,,,,,,,,,,,,,,,,,noodles,impossible pie,gorgonzola and pear pizza,,explosives,,,,,,,,,,,,,,,,,,,,,,,,,,,chlorine,,,,,,kirobo,,,,,,seel,,,,,
90,mockingbird,longhouse,university,cockroach,macrauchenia,,marlin,,portuguese water dog,,,,almond butter,,butterfly bush,,,,,,,,,,,,,,,,,,,,fagiolini,brownie pie,indian butter chicken pizza,,billy club,,,,,,,,,,,,,,,,,,,,,,,,,,,tellurium,,,,,,packbot,,,,,,krabby,,,,,
91,american flamingo,condominium,pyramid,beetle,morganucodon,,herring,,whippet,,,,irish cream liqueur,,poinsettia,,,,,,,,,,,,,,,,,,,,reginette,chicken pot pie,thai chicken pizza,,bow and arrow,,,,,,,,,,,,,,,,,,,,,,,,,,,gold,,,,,,zhurong rover,,,,,,growlithe,,,,,
92,flight,abode,minaret,grub,beluga whale,,turbot,,pup,,,,marzipan,,marigold,,,,,,,,,,,,,,,,,,,,kluski egg noodles,chocolate cherry pie,antipasto pizza,,longsword,,,,,,,,,,,,,,,,,,,,,,,,,,,calcium,,,,,,maars,,,,,,dewgong,,,,,
93,marbled murrelet,manor,observatory,woolly bear caterpillar,coypu,,manta ray,,companion dog,,,,molasses,,mayflower,,,,,,,,,,,,,,,,,,,,mafalda,chocolate chip cookie pie,pumpkin pizza,,slingshot,,,,,,,,,,,,,,,,,,,,,,,,,,,radon,,,,,,,,,,,,clefairy,,,,,
94,merganser,cottage,smokestack,atlas moth,arctic fox,,sculpin,,boxer,,,,pistachios,,florist,,,,,,,,,,,,,,,,,,,,creste di gallo,fig pie,lemon and asparagus pizza,,bullet,,,,,,,,,,,,,,,,,,,,,,,,,,,neodymium,,,,,,,,,,,,tentacruel,,,,,
95,crossbill,high-rise home,museum,admiral butterfly,oryx,,icefish,,herding dog,,,,quince paste,,indian blanket,,,,,,,,,,,,,,,,,,,,elbow macaroni,cranberry pie,salmon and dill pizza,,cat o'nine tails,,,,,,,,,,,,,,,,,,,,,,,,,,,nickel,,,,,,,,,,,,paras,,,,,
96,western spotted owl,rooming house,tower,chrysalis,california sea lion,,queen triggerfish,,pedigree,,,,whole wheat flour,,morning glory,,,,,,,,,,,,,,,,,,,,pipe rigate,hawaiian pineapple pie,bbq chicken pizza,,howitzer,,,,,,,,,,,,,,,,,,,,,,,,,,,selenium,,,,,,,,,,,,,,,,,
97,snipe,hall,cathedral,water strider,doedicurus,,megalodon,,spaniel,,,,coffee grounds,,zinnia,,,,,,,,,,,,,,,,,,,,gemelli,custard pie,mediterranean pizza,,handgun,,,,,,,,,,,,,,,,,,,,,,,,,,,gallium,,,,,,,,,,,,,,,,,
98,albatross,maisonette,gallery,leafcutter ant,platybelodon,,yellowtail,,irish setter,,,,arrowroot powder,,tulip,,,,,,,,,,,,,,,,,,,,filini,sour cherry pie,strawberry balsamic pizza,,flamethrower,,,,,,,,,,,,,,,,,,,,,,,,,,,roentgenium,,,,,,,,,,,,,,,,,
99,tanager,igloo,nuclear power plant,ladybug,moose,,dragonfish,,dachshund,,,,honey,,veronica,,,,,,,,,,,,,,,,,,,,tagliatelle,key lime chiffon pie,tzatziki chicken pizza,,bludgeon,,,,,,,,,,,,,,,,,,,,,,,,,,,dysprosium,,,,,,,,,,,,,,,,,
100,oxpecker,,power plant,longhorn beetle,pika,,mullet,,chihuahua,,,,almond extract,,mimosa,,,,,,,,,,,,,,,,,,,,scialatielli,pineapple cream pie,pesto pizza,,knife,,,,,,,,,,,,,,,,,,,,,,,,,,,cadmium,,,,,,,,,,,,,,,,,
101,cormorant,,bowling alley,spittlebug,baboon,,john dory,,bird dog,,,,kirsch,,iris,,,,,,,,,,,,,,,,,,,,tortellini,mississippi mud pie,mango tango pizza,,harpoon,,,,,,,,,,,,,,,,,,,,,,,,,,,antimony,,,,,,,,,,,,,,,,,
102,spoonbill,,state house,wood-borer,cape buffalo,,gar,,rottweiler,,,,almond paste,,queen anne's lace,,,,,,,,,,,,,,,,,,,,jumbo shells,pistachio cream pie,vodka sauce pizza,,depth charge,,,,,,,,,,,,,,,,,,,,,,,,,,,carbon,,,,,,,,,,,,,,,,,
103,dove,,monument,water boatman,brown bear,,sailfish,,chow chow,,,,almond meal,,trillium,,,,,,,,,,,,,,,,,,,,angel hair pasta,marshmallow sweet potato pie,reuben pizza,,musket,,,,,,,,,,,,,,,,,,,,,,,,,,,barium,,,,,,,,,,,,,,,,,
104,feather,,aqueduct,planthopper,platypus,,porgy,,yorkshire terrier,,,,rolled fondant,,pasque flower,,,,,,,,,,,,,,,,,,,,maltagliati,walnut pie,spicy italian pizza,,whip,,,,,,,,,,,,,,,,,,,,,,,,,,,chromium,,,,,,,,,,,,,,,,,
105,fledgling,,school,stink bug,tasmanian devil,,perch,,poodle,,,,vanilla extract,,azalea,,,,,,,,,,,,,,,,,,,,agnolotti,hazelnut pie,calzone,,crossbow,,,,,,,,,,,,,,,,,,,,,,,,,,,zinc,,,,,,,,,,,,,,,,,
106,flight feathers,,college,silverfish,quokka,,bull shark,,great dane,,,,xanthan gum,,jasmine,,,,,,,,,,,,,,,,,,,,malloreddus,chess pie,chorizo pizza,,tripwire,,,,,,,,,,,,,,,,,,,,,,,,,,,boron,,,,,,,,,,,,,,,,,
107,xenops,,kiosk,mealworm,red kangaroo,,chub,,growl,,,,cane sugar,,peony,,,,,,,,,,,,,,,,,,,,tortiglioni,pina colada pie,honey sriracha chicken pizza,,lance,,,,,,,,,,,,,,,,,,,,,,,,,,,nitrogen,,,,,,,,,,,,,,,,,
108,arctic tern,,shrine,snout butterfly,wombat,,ray,,bull terrier,,,,citrus juice,,buttercup,,,,,,,,,,,,,,,,,,,,casarecce,tomato pie,ziti pizza,,rocket launcher,,,,,,,,,,,,,,,,,,,,,,,,,,,dubnium,,,,,,,,,,,,,,,,,
109,cardinal,,depot,stonefly,chipmunk,,gulper eel,,chinese crested dog,,,,white chocolate chips,,oleander,,,,,,,,,,,,,,,,,,,,wagon wheels,mixed berry crumble,burrata pizza,,hatchet,,,,,,,,,,,,,,,,,,,,,,,,,,,einsteinium,,,,,,,,,,,,,,,,,
110,goose,,abbey,oregon silverspot butterfly,fox,,angelfish,,breed,,,,powdered gelatin,,mountain laurel,,,,,,,,,,,,,,,,,,,,lumache,vinegar pie,pineapple and ham pizza,,magnum,,,,,,,,,,,,,,,,,,,,,,,,,,,rhodium,,,,,,,,,,,,,,,,,
111,bald eagle,,mosque,morpho,howler monkey,,three-spine stickleback,,foxhound,,,,yuzu juice,,bitterroot,,,,,,,,,,,,,,,,,,,,vermicelli,chocolate hazelnut tart,cauliflower pizza,,boomerang,,,,,,,,,,,,,,,,,,,,,,,,,,,iodine,,,,,,,,,,,,,,,,,
112,birder,,conservatory,dung beetle,aardvark,,devil ray,,scottish terrier,,,,pecans,,bluebonnet,,,,,,,,,,,,,,,,,,,,stelline,orange creamsicle pie,wild mushroom and truffle oil pizza,,gatling gun,,,,,,,,,,,,,,,,,,,,,,,,,,,krypton,,,,,,,,,,,,,,,,,
113,aves,,mausoleum,gossamer-winged butterfly,elephant,,minnow,,water dog,,,,brown rice flour,,chrysanthemum,,,,,,,,,,,,,,,,,,,,lasagna,peanut butter chocolate pie,provolone and sausage pizza,,torpedo,,,,,,,,,,,,,,,,,,,,,,,,,,,erbium,,,,,,,,,,,,,,,,,
114,gander,,restaurant,julia butterfly,glyptodon,,yellow jack,,bloodhound,,,,barley flour,,tiger lily,,,,,,,,,,,,,,,,,,,,agnolotti del plin,caramel apple pie,meat lover's pizza,,peashooter,,,,,,,,,,,,,,,,,,,,,,,,,,,lanthanum,,,,,,,,,,,,,,,,,
115,golden eagle,,hospital,paper wasp,squirrel,,bonito,,pekingese,,,,nuts,,wild prairie rose,,,,,,,,,,,,,,,,,,,,gigli,sweet potato pecan pie,macaroni and cheese pizza,,weapon,,,,,,,,,,,,,,,,,,,,,,,,,,,beryllium,,,,,,,,,,,,,,,,,
116,hen,,prison,locust,mammal,,grouper,,bergamasco,,,,fondant,,black-eyed susan,,,,,,,,,,,,,,,,,,,,paccheri,pear pie,quattro formaggi  pizza,,cleaver,,,,,,,,,,,,,,,,,,,,,,,,,,,,,,,,,,,,,,,,,,,,
117,nene,,studio,midge,catamount,,angelshark,,st. bernard,,,,baking soda,,gardenia,,,,,,,,,,,,,,,,,,,,fregola,elderberry pie,beef and blue cheese pizza,,nerve gas,,,,,,,,,,,,,,,,,,,,,,,,,,,,,,,,,,,,,,,,,,,,
118,bill,,cabana,tiger beetle,cow,,triggerfish,,african wild dog,,,,pumpkin seeds,,venus flytrap,,,,,,,,,,,,,,,,,,,,udon,millionaire pie,fig and prosciutto pizza,,blowpipe,,,,,,,,,,,,,,,,,,,,,,,,,,,,,,,,,,,,,,,,,,,,
119,black swan,,boathouse,fritillary butterfly,camel,,sawfish,,pinscher,,,,caster sugar,,baby's breath,,,,,,,,,,,,,,,,,,,,bowtie pasta,s'mores pie,sausage and peppers pizza,,switchblade,,,,,,,,,,,,,,,,,,,,,,,,,,,,,,,,,,,,,,,,,,,,
120,flock,,cinema,damselfly,ringtail possum,,swordfish,,,,,,eggs,,bluebells,,,,,,,,,,,,,,,,,,,,ciriole,zesty lemon tart,maple syrup and bacon pizza,,pepper spray,,,,,,,,,,,,,,,,,,,,,,,,,,,,,,,,,,,,,,,,,,,,
121,goldfinch,,foundry,imago,tree shrew,,snapper,,,,,,ube extract,,floret,,,,,,,,,,,,,,,,,,,,amori,mincemeat pie,,,pickaxe,,,,,,,,,,,,,,,,,,,,,,,,,,,,,,,,,,,,,,,,,,,,
122,flicker,,post office,flea,ox,,moray eel,,,,,,fruit preserves,,aster,,,,,,,,,,,,,,,,,,,,lumachine,,,,mine,,,,,,,,,,,,,,,,,,,,,,,,,,,,,,,,,,,,,,,,,,,,
123,aviary,,temple,zebra longwing butterfly,grizzly bear,,megamouth shark,,,,,,chocolate extract,,goldenrod,,,,,,,,,,,,,,,,,,,,gramigna,,,,grenade,,,,,,,,,,,,,,,,,,,,,,,,,,,,,,,,,,,,,,,,,,,,
124,junco,,firehouse,bug,red wolf,,quillfish,,,,,,cornstarch,,,,,,,,,,,,,,,,,,,,,,lagane,,,,battle axe,,,,,,,,,,,,,,,,,,,,,,,,,,,,,,,,,,,,,,,,,,,,
125,bullfinch,,monastery,viceroy butterfly,galagos,,tunny,,,,,,soy milk,,,,,,,,,,,,,,,,,,,,,,,,,,guided missile,,,,,,,,,,,,,,,,,,,,,,,,,,,,,,,,,,,,,,,,,,,,
126,nighthawk,,pump house,harlequin bug,colugo,,mako shark,,,,,,chestnut puree,,,,,,,,,,,,,,,,,,,,,,,,,,mustard gas,,,,,,,,,,,,,,,,,,,,,,,,,,,,,,,,,,,,,,,,,,,,
127,roseate spoonbill,,hostel,monarch,golden lion tamarin,,pompano,,,,,,currants,,,,,,,,,,,,,,,,,,,,,,,,,,nuclear bomb,,,,,,,,,,,,,,,,,,,,,,,,,,,,,,,,,,,,,,,,,,,,
128,shrike,,embassy,honeybee,tasmanian tiger,,hatchetfish,,,,,,dulce de leche,,,,,,,,,,,,,,,,,,,,,,,,,,night stick,,,,,,,,,,,,,,,,,,,,,,,,,,,,,,,,,,,,,,,,,,,,
129,kestrel,,silo,mosquito,eland,,hake,,,,,,flaxseed meal,,,,,,,,,,,,,,,,,,,,,,,,,,armaments,,,,,,,,,,,,,,,,,,,,,,,,,,,,,,,,,,,,,,,,,,,,
130,chicken,,,,wolf,,koi,,,,,,oil,,,,,,,,,,,,,,,,,,,,,,,,,,cutlass,,,,,,,,,,,,,,,,,,,,,,,,,,,,,,,,,,,,,,,,,,,,
131,snow goose,,,,eohippus,,port jackson shark,,,,,,balsamic vinegar,,,,,,,,,,,,,,,,,,,,,,,,,,,,,,,,,,,,,,,,,,,,,,,,,,,,,,,,,,,,,,,,,,,,,,
132,grackle,,,,ekaltadelta,,smelt,,,,,,grapefruit zest,,,,,,,,,,,,,,,,,,,,,,,,,,,,,,,,,,,,,,,,,,,,,,,,,,,,,,,,,,,,,,,,,,,,,,
133,bobolink,,,,gnu,,monkfish,,,,,,peanut butter,,,,,,,,,,,,,,,,,,,,,,,,,,,,,,,,,,,,,,,,,,,,,,,,,,,,,,,,,,,,,,,,,,,,,,
134,ibis,,,,dugong,,haddock,,,,,,cream of tartar,,,,,,,,,,,,,,,,,,,,,,,,,,,,,,,,,,,,,,,,,,,,,,,,,,,,,,,,,,,,,,,,,,,,,,
135,kildeer,,,,mastodon,,walleye,,,,,,vanilla bean,,,,,,,,,,,,,,,,,,,,,,,,,,,,,,,,,,,,,,,,,,,,,,,,,,,,,,,,,,,,,,,,,,,,,,
136,auk,,,,nabarlek,,,,,,,,brown sugar,,,,,,,,,,,,,,,,,,,,,,,,,,,,,,,,,,,,,,,,,,,,,,,,,,,,,,,,,,,,,,,,,,,,,,
137,nestling,,,,kinkajou,,,,,,,,unbleached flour,,,,,,,,,,,,,,,,,,,,,,,,,,,,,,,,,,,,,,,,,,,,,,,,,,,,,,,,,,,,,,,,,,,,,,
138,spotted owl,,,,hyena,,,,,,,,egg whites,,,,,,,,,,,,,,,,,,,,,,,,,,,,,,,,,,,,,,,,,,,,,,,,,,,,,,,,,,,,,,,,,,,,,,
139,kakapo,,,,raccoon,,,,,,,,,,,,,,,,,,,,,,,,,,,,,,,,,,,,,,,,,,,,,,,,,,,,,,,,,,,,,,,,,,,,,,,,,,,,,,
140,hawk,,,,virginia opossum,,,,,,,,,,,,,,,,,,,,,,,,,,,,,,,,,,,,,,,,,,,,,,,,,,,,,,,,,,,,,,,,,,,,,,,,,,,,,,
141,puffin,,,,bactrian camel,,,,,,,,,,,,,,,,,,,,,,,,,,,,,,,,,,,,,,,,,,,,,,,,,,,,,,,,,,,,,,,,,,,,,,,,,,,,,,
142,covey,,,,flying squirrel,,,,,,,,,,,,,,,,,,,,,,,,,,,,,,,,,,,,,,,,,,,,,,,,,,,,,,,,,,,,,,,,,,,,,,,,,,,,,,
143,pygmy owl,,,,fin whale,,,,,,,,,,,,,,,,,,,,,,,,,,,,,,,,,,,,,,,,,,,,,,,,,,,,,,,,,,,,,,,,,,,,,,,,,,,,,,
144,shearwater,,,,sheep,,,,,,,,,,,,,,,,,,,,,,,,,,,,,,,,,,,,,,,,,,,,,,,,,,,,,,,,,,,,,,,,,,,,,,,,,,,,,,
145,avocet,,,,spectacled porpoise,,,,,,,,,,,,,,,,,,,,,,,,,,,,,,,,,,,,,,,,,,,,,,,,,,,,,,,,,,,,,,,,,,,,,,,,,,,,,,
146,egret,,,,groundhog,,,,,,,,,,,,,,,,,,,,,,,,,,,,,,,,,,,,,,,,,,,,,,,,,,,,,,,,,,,,,,,,,,,,,,,,,,,,,,
147,martin,,,,quoll,,,,,,,,,,,,,,,,,,,,,,,,,,,,,,,,,,,,,,,,,,,,,,,,,,,,,,,,,,,,,,,,,,,,,,,,,,,,,,
148,kookaburra,,,,ungulates,,,,,,,,,,,,,,,,,,,,,,,,,,,,,,,,,,,,,,,,,,,,,,,,,,,,,,,,,,,,,,,,,,,,,,,,,,,,,,
149,canada goose,,,,nutria,,,,,,,,,,,,,,,,,,,,,,,,,,,,,,,,,,,,,,,,,,,,,,,,,,,,,,,,,,,,,,,,,,,,,,,,,,,,,,
150,african gray parrot,,,,placental mammals,,,,,,,,,,,,,,,,,,,,,,,,,,,,,,,,,,,,,,,,,,,,,,,,,,,,,,,,,,,,,,,,,,,,,,,,,,,,,,
151,roadrunner,,,,weasel,,,,,,,,,,,,,,,,,,,,,,,,,,,,,,,,,,,,,,,,,,,,,,,,,,,,,,,,,,,,,,,,,,,,,,,,,,,,,,
152,avifauna,,,,lemur,,,,,,,,,,,,,,,,,,,,,,,,,,,,,,,,,,,,,,,,,,,,,,,,,,,,,,,,,,,,,,,,,,,,,,,,,,,,,,
153,seabird,,,,donkey,,,,,,,,,,,,,,,,,,,,,,,,,,,,,,,,,,,,,,,,,,,,,,,,,,,,,,,,,,,,,,,,,,,,,,,,,,,,,,
154,shore bird,,,,hyracotherium,,,,,,,,,,,,,,,,,,,,,,,,,,,,,,,,,,,,,,,,,,,,,,,,,,,,,,,,,,,,,,,,,,,,,,,,,,,,,,
155,umbrellabird,,,,karakul,,,,,,,,,,,,,,,,,,,,,,,,,,,,,,,,,,,,,,,,,,,,,,,,,,,,,,,,,,,,,,,,,,,,,,,,,,,,,,
156,wren,,,,mole,,,,,,,,,,,,,,,,,,,,,,,,,,,,,,,,,,,,,,,,,,,,,,,,,,,,,,,,,,,,,,,,,,,,,,,,,,,,,,
157,bird,,,,narwhal,,,,,,,,,,,,,,,,,,,,,,,,,,,,,,,,,,,,,,,,,,,,,,,,,,,,,,,,,,,,,,,,,,,,,,,,,,,,,,
158,nuthatch,,,,orangutan,,,,,,,,,,,,,,,,,,,,,,,,,,,,,,,,,,,,,,,,,,,,,,,,,,,,,,,,,,,,,,,,,,,,,,,,,,,,,,
159,parakeet,,,,giraffe,,,,,,,,,,,,,,,,,,,,,,,,,,,,,,,,,,,,,,,,,,,,,,,,,,,,,,,,,,,,,,,,,,,,,,,,,,,,,,
160,red hooded duck,,,,three-toed sloth,,,,,,,,,,,,,,,,,,,,,,,,,,,,,,,,,,,,,,,,,,,,,,,,,,,,,,,,,,,,,,,,,,,,,,,,,,,,,,
161,gull,,,,northern elephant seal,,,,,,,,,,,,,,,,,,,,,,,,,,,,,,,,,,,,,,,,,,,,,,,,,,,,,,,,,,,,,,,,,,,,,,,,,,,,,,
162,avian,,,,porpoise,,,,,,,,,,,,,,,,,,,,,,,,,,,,,,,,,,,,,,,,,,,,,,,,,,,,,,,,,,,,,,,,,,,,,,,,,,,,,,
163,brood,,,,otter,,,,,,,,,,,,,,,,,,,,,,,,,,,,,,,,,,,,,,,,,,,,,,,,,,,,,,,,,,,,,,,,,,,,,,,,,,,,,,
164,incubate,,,,capybera,,,,,,,,,,,,,,,,,,,,,,,,,,,,,,,,,,,,,,,,,,,,,,,,,,,,,,,,,,,,,,,,,,,,,,,,,,,,,,
165,moa,,,,arctic wolf,,,,,,,,,,,,,,,,,,,,,,,,,,,,,,,,,,,,,,,,,,,,,,,,,,,,,,,,,,,,,,,,,,,,,,,,,,,,,,
166,pintail,,,,gorilla,,,,,,,,,,,,,,,,,,,,,,,,,,,,,,,,,,,,,,,,,,,,,,,,,,,,,,,,,,,,,,,,,,,,,,,,,,,,,,
167,tail,,,,insectivores,,,,,,,,,,,,,,,,,,,,,,,,,,,,,,,,,,,,,,,,,,,,,,,,,,,,,,,,,,,,,,,,,,,,,,,,,,,,,,
168,nightingale,,,,northern fur seal,,,,,,,,,,,,,,,,,,,,,,,,,,,,,,,,,,,,,,,,,,,,,,,,,,,,,,,,,,,,,,,,,,,,,,,,,,,,,,
169,flamingo,,,,african elephant,,,,,,,,,,,,,,,,,,,,,,,,,,,,,,,,,,,,,,,,,,,,,,,,,,,,,,,,,,,,,,,,,,,,,,,,,,,,,,
170,emperor penguin,,,,bilby,,,,,,,,,,,,,,,,,,,,,,,,,,,,,,,,,,,,,,,,,,,,,,,,,,,,,,,,,,,,,,,,,,,,,,,,,,,,,,
171,bird of paradise,,,,reindeer,,,,,,,,,,,,,,,,,,,,,,,,,,,,,,,,,,,,,,,,,,,,,,,,,,,,,,,,,,,,,,,,,,,,,,,,,,,,,,
172,pigeon,,,,lemming,,,,,,,,,,,,,,,,,,,,,,,,,,,,,,,,,,,,,,,,,,,,,,,,,,,,,,,,,,,,,,,,,,,,,,,,,,,,,,
173,skylark,,,,whale,,,,,,,,,,,,,,,,,,,,,,,,,,,,,,,,,,,,,,,,,,,,,,,,,,,,,,,,,,,,,,,,,,,,,,,,,,,,,,
174,thrush,,,,mandrill,,,,,,,,,,,,,,,,,,,,,,,,,,,,,,,,,,,,,,,,,,,,,,,,,,,,,,,,,,,,,,,,,,,,,,,,,,,,,,
175,duck,,,,african wild cat,,,,,,,,,,,,,,,,,,,,,,,,,,,,,,,,,,,,,,,,,,,,,,,,,,,,,,,,,,,,,,,,,,,,,,,,,,,,,,
176,tern,,,,badger,,,,,,,,,,,,,,,,,,,,,,,,,,,,,,,,,,,,,,,,,,,,,,,,,,,,,,,,,,,,,,,,,,,,,,,,,,,,,,
177,rhode island red,,,,marmot,,,,,,,,,,,,,,,,,,,,,,,,,,,,,,,,,,,,,,,,,,,,,,,,,,,,,,,,,,,,,,,,,,,,,,,,,,,,,,
178,nutcracker,,,,hare,,,,,,,,,,,,,,,,,,,,,,,,,,,,,,,,,,,,,,,,,,,,,,,,,,,,,,,,,,,,,,,,,,,,,,,,,,,,,,
179,pelican,,,,cattle,,,,,,,,,,,,,,,,,,,,,,,,,,,,,,,,,,,,,,,,,,,,,,,,,,,,,,,,,,,,,,,,,,,,,,,,,,,,,,
180,budgie,,,,javelina,,,,,,,,,,,,,,,,,,,,,,,,,,,,,,,,,,,,,,,,,,,,,,,,,,,,,,,,,,,,,,,,,,,,,,,,,,,,,,
181,swallow,,,,fossa,,,,,,,,,,,,,,,,,,,,,,,,,,,,,,,,,,,,,,,,,,,,,,,,,,,,,,,,,,,,,,,,,,,,,,,,,,,,,,
182,leghorn,,,,opossum,,,,,,,,,,,,,,,,,,,,,,,,,,,,,,,,,,,,,,,,,,,,,,,,,,,,,,,,,,,,,,,,,,,,,,,,,,,,,,
183,vireo,,,,fennec fox,,,,,,,,,,,,,,,,,,,,,,,,,,,,,,,,,,,,,,,,,,,,,,,,,,,,,,,,,,,,,,,,,,,,,,,,,,,,,,
184,chick,,,,marmoset,,,,,,,,,,,,,,,,,,,,,,,,,,,,,,,,,,,,,,,,,,,,,,,,,,,,,,,,,,,,,,,,,,,,,,,,,,,,,,
185,stint,,,,armadillo,,,,,,,,,,,,,,,,,,,,,,,,,,,,,,,,,,,,,,,,,,,,,,,,,,,,,,,,,,,,,,,,,,,,,,,,,,,,,,
186,eastern bluebird,,,,ermine,,,,,,,,,,,,,,,,,,,,,,,,,,,,,,,,,,,,,,,,,,,,,,,,,,,,,,,,,,,,,,,,,,,,,,,,,,,,,,
187,longspur,,,,duck-billed platypus,,,,,,,,,,,,,,,,,,,,,,,,,,,,,,,,,,,,,,,,,,,,,,,,,,,,,,,,,,,,,,,,,,,,,,,,,,,,,,
188,eagle,,,,chimpanzee,,,,,,,,,,,,,,,,,,,,,,,,,,,,,,,,,,,,,,,,,,,,,,,,,,,,,,,,,,,,,,,,,,,,,,,,,,,,,,
189,cowbird,,,,mink,,,,,,,,,,,,,,,,,,,,,,,,,,,,,,,,,,,,,,,,,,,,,,,,,,,,,,,,,,,,,,,,,,,,,,,,,,,,,,
190,turkey,,,,hippo,,,,,,,,,,,,,,,,,,,,,,,,,,,,,,,,,,,,,,,,,,,,,,,,,,,,,,,,,,,,,,,,,,,,,,,,,,,,,,
191,white dove,,,,porcupine,,,,,,,,,,,,,,,,,,,,,,,,,,,,,,,,,,,,,,,,,,,,,,,,,,,,,,,,,,,,,,,,,,,,,,,,,,,,,,
192,bird watching,,,,goat,,,,,,,,,,,,,,,,,,,,,,,,,,,,,,,,,,,,,,,,,,,,,,,,,,,,,,,,,,,,,,,,,,,,,,,,,,,,,,
193,african penguin,,,,mice,,,,,,,,,,,,,,,,,,,,,,,,,,,,,,,,,,,,,,,,,,,,,,,,,,,,,,,,,,,,,,,,,,,,,,,,,,,,,,
194,kiwi,,,,sea otter,,,,,,,,,,,,,,,,,,,,,,,,,,,,,,,,,,,,,,,,,,,,,,,,,,,,,,,,,,,,,,,,,,,,,,,,,,,,,,
195,thrasher,,,,rhinoceros,,,,,,,,,,,,,,,,,,,,,,,,,,,,,,,,,,,,,,,,,,,,,,,,,,,,,,,,,,,,,,,,,,,,,,,,,,,,,,
196,american robin,,,,dall sheep,,,,,,,,,,,,,,,,,,,,,,,,,,,,,,,,,,,,,,,,,,,,,,,,,,,,,,,,,,,,,,,,,,,,,,,,,,,,,,
197,bobwhite,,,,impala,,,,,,,,,,,,,,,,,,,,,,,,,,,,,,,,,,,,,,,,,,,,,,,,,,,,,,,,,,,,,,,,,,,,,,,,,,,,,,
198,hawaiian goose,,,,lagomorph,,,,,,,,,,,,,,,,,,,,,,,,,,,,,,,,,,,,,,,,,,,,,,,,,,,,,,,,,,,,,,,,,,,,,,,,,,,,,,
199,magpie,,,,spiny anteater,,,,,,,,,,,,,,,,,,,,,,,,,,,,,,,,,,,,,,,,,,,,,,,,,,,,,,,,,,,,,,,,,,,,,,,,,,,,,,
200,mallard duck,,,,harp seal,,,,,,,,,,,,,,,,,,,,,,,,,,,,,,,,,,,,,,,,,,,,,,,,,,,,,,,,,,,,,,,,,,,,,,,,,,,,,,
201,stork,,,,shrew,,,,,,,,,,,,,,,,,,,,,,,,,,,,,,,,,,,,,,,,,,,,,,,,,,,,,,,,,,,,,,,,,,,,,,,,,,,,,,
202,turtle dove,,,,marsupial,,,,,,,,,,,,,,,,,,,,,,,,,,,,,,,,,,,,,,,,,,,,,,,,,,,,,,,,,,,,,,,,,,,,,,,,,,,,,,
203,whip-poor-will,,,,ape,,,,,,,,,,,,,,,,,,,,,,,,,,,,,,,,,,,,,,,,,,,,,,,,,,,,,,,,,,,,,,,,,,,,,,,,,,,,,,
204,oriole,,,,fruit bat,,,,,,,,,,,,,,,,,,,,,,,,,,,,,,,,,,,,,,,,,,,,,,,,,,,,,,,,,,,,,,,,,,,,,,,,,,,,,,
205,snowy owl,,,,mongoose,,,,,,,,,,,,,,,,,,,,,,,,,,,,,,,,,,,,,,,,,,,,,,,,,,,,,,,,,,,,,,,,,,,,,,,,,,,,,,
206,creeper,,,,arsinoitherium,,,,,,,,,,,,,,,,,,,,,,,,,,,,,,,,,,,,,,,,,,,,,,,,,,,,,,,,,,,,,,,,,,,,,,,,,,,,,,
207,birdcage,,,,kangaroo rat,,,,,,,,,,,,,,,,,,,,,,,,,,,,,,,,,,,,,,,,,,,,,,,,,,,,,,,,,,,,,,,,,,,,,,,,,,,,,,
208,migration,,,,wildebeest,,,,,,,,,,,,,,,,,,,,,,,,,,,,,,,,,,,,,,,,,,,,,,,,,,,,,,,,,,,,,,,,,,,,,,,,,,,,,,
209,rock dove,,,,bonobo,,,,,,,,,,,,,,,,,,,,,,,,,,,,,,,,,,,,,,,,,,,,,,,,,,,,,,,,,,,,,,,,,,,,,,,,,,,,,,
210,catbird,,,,elk,,,,,,,,,,,,,,,,,,,,,,,,,,,,,,,,,,,,,,,,,,,,,,,,,,,,,,,,,,,,,,,,,,,,,,,,,,,,,,
211,bunting,,,,siamang,,,,,,,,,,,,,,,,,,,,,,,,,,,,,,,,,,,,,,,,,,,,,,,,,,,,,,,,,,,,,,,,,,,,,,,,,,,,,,
212,warbler,,,,panda,,,,,,,,,,,,,,,,,,,,,,,,,,,,,,,,,,,,,,,,,,,,,,,,,,,,,,,,,,,,,,,,,,,,,,,,,,,,,,
213,crake,,,,monotreme,,,,,,,,,,,,,,,,,,,,,,,,,,,,,,,,,,,,,,,,,,,,,,,,,,,,,,,,,,,,,,,,,,,,,,,,,,,,,,
214,beak,,,,beaver,,,,,,,,,,,,,,,,,,,,,,,,,,,,,,,,,,,,,,,,,,,,,,,,,,,,,,,,,,,,,,,,,,,,,,,,,,,,,,
215,gnatcatcher,,,,,,,,,,,,,,,,,,,,,,,,,,,,,,,,,,,,,,,,,,,,,,,,,,,,,,,,,,,,,,,,,,,,,,,,,,,,,,,,,,
216,bowerbird,,,,,,,,,,,,,,,,,,,,,,,,,,,,,,,,,,,,,,,,,,,,,,,,,,,,,,,,,,,,,,,,,,,,,,,,,,,,,,,,,,
217,american tree sparrow,,,,,,,,,,,,,,,,,,,,,,,,,,,,,,,,,,,,,,,,,,,,,,,,,,,,,,,,,,,,,,,,,,,,,,,,,,,,,,,,,,
218,scarlet macaw,,,,,,,,,,,,,,,,,,,,,,,,,,,,,,,,,,,,,,,,,,,,,,,,,,,,,,,,,,,,,,,,,,,,,,,,,,,,,,,,,,
219,peacock,,,,,,,,,,,,,,,,,,,,,,,,,,,,,,,,,,,,,,,,,,,,,,,,,,,,,,,,,,,,,,,,,,,,,,,,,,,,,,,,,,
220,red-billed oxpecker,,,,,,,,,,,,,,,,,,,,,,,,,,,,,,,,,,,,,,,,,,,,,,,,,,,,,,,,,,,,,,,,,,,,,,,,,,,,,,,,,,
221,birdhouse,,,,,,,,,,,,,,,,,,,,,,,,,,,,,,,,,,,,,,,,,,,,,,,,,,,,,,,,,,,,,,,,,,,,,,,,,,,,,,,,,,
222,bluebird,,,,,,,,,,,,,,,,,,,,,,,,,,,,,,,,,,,,,,,,,,,,,,,,,,,,,,,,,,,,,,,,,,,,,,,,,,,,,,,,,,
223,meadowlark,,,,,,,,,,,,,,,,,,,,,,,,,,,,,,,,,,,,,,,,,,,,,,,,,,,,,,,,,,,,,,,,,,,,,,,,,,,,,,,,,,
224,peregrine falcon,,,,,,,,,,,,,,,,,,,,,,,,,,,,,,,,,,,,,,,,,,,,,,,,,,,,,,,,,,,,,,,,,,,,,,,,,,,,,,,,,,
225,yellowthroat,,,,,,,,,,,,,,,,,,,,,,,,,,,,,,,,,,,,,,,,,,,,,,,,,,,,,,,,,,,,,,,,,,,,,,,,,,,,,,,,,,
226,ostrich,,,,,,,,,,,,,,,,,,,,,,,,,,,,,,,,,,,,,,,,,,,,,,,,,,,,,,,,,,,,,,,,,,,,,,,,,,,,,,,,,,
227,osprey,,,,,,,,,,,,,,,,,,,,,,,,,,,,,,,,,,,,,,,,,,,,,,,,,,,,,,,,,,,,,,,,,,,,,,,,,,,,,,,,,,
228,harpy eagle,,,,,,,,,,,,,,,,,,,,,,,,,,,,,,,,,,,,,,,,,,,,,,,,,,,,,,,,,,,,,,,,,,,,,,,,,,,,,,,,,,
229,prairie chicken,,,,,,,,,,,,,,,,,,,,,,,,,,,,,,,,,,,,,,,,,,,,,,,,,,,,,,,,,,,,,,,,,,,,,,,,,,,,,,,,,,
230,red-tailed hawk,,,,,,,,,,,,,,,,,,,,,,,,,,,,,,,,,,,,,,,,,,,,,,,,,,,,,,,,,,,,,,,,,,,,,,,,,,,,,,,,,,
231,screech owl,,,,,,,,,,,,,,,,,,,,,,,,,,,,,,,,,,,,,,,,,,,,,,,,,,,,,,,,,,,,,,,,,,,,,,,,,,,,,,,,,,
232,trumpeter swan,,,,,,,,,,,,,,,,,,,,,,,,,,,,,,,,,,,,,,,,,,,,,,,,,,,,,,,,,,,,,,,,,,,,,,,,,,,,,,,,,,
233,syrinx,,,,,,,,,,,,,,,,,,,,,,,,,,,,,,,,,,,,,,,,,,,,,,,,,,,,,,,,,,,,,,,,,,,,,,,,,,,,,,,,,,
234,crest,,,,,,,,,,,,,,,,,,,,,,,,,,,,,,,,,,,,,,,,,,,,,,,,,,,,,,,,,,,,,,,,,,,,,,,,,,,,,,,,,,